customer_id,application_id,age,gender,region,education_level,employment_type,annual_income,loan_amount,loan_term,interest_rate,existing_loans,credit_score,repayment_history,transacted_amount,join_date,default_flag,loan_purpose,total_debt,total_transactions,total_spending
CUST00001,APP000001,56.0,Male,Central,High School,Student,108490.0,696294.63,36,9.43,4,313.0,Average,4414251.13,2020-04-01,0,Education,896294.63,882,4414251.13
CUST00002,APP000002,69.0,Male,North,Bachelors,Self-employed,259670.0,931994.67,24,13.37,1,673.0,Average,493924.02,2019-04-13,0,Home,981994.67,98,493924.02
CUST00003,APP000003,46.0,Male,Central,Bachelors,Salaried,275080.0,507366.2,12,20.56,5,856.0,Good,287977.11,2022-01-31,0,Home,757366.2,57,287977.11
CUST00004,APP000004,32.0,Male,North,Diploma,Self-employed,81610.0,245645.9,60,13.25,5,727.0,Good,654826.76,2021-09-30,0,Personal,495645.9,130,654826.76
CUST00005,APP000005,60.0,Female,South,Diploma,Self-employed,40950.0,63672.55,12,8.48,4,532.0,Average,298127.99,2021-07-03,0,Personal,263672.55,59,298127.99
CUST00006,APP000006,25.0,Female,West,Diploma,Salaried,276980.0,427329.34,12,16.47,1,862.0,Average,4226611.06,2020-07-25,0,Home,477329.34,845,4226611.06
CUST00007,APP000007,38.0,Female,North,Diploma,Salaried,88040.0,315878.37,84,21.37,5,739.0,Average,304660.22,2020-02-24,1,Personal,565878.37,60,304660.22
CUST00008,APP000008,56.0,Male,Central,PhD,Salaried,181020.0,,12,20.53,1,801.0,Poor,1365604.31,2019-12-23,1,Education,50000.0,273,1365604.31
CUST00009,APP000009,36.0,Female,South,Masters,Self-employed,74400.0,367182.41,36,9.98,1,,Average,527744.15,2023-09-25,0,Personal,417182.41,105,527744.15
CUST00010,APP000010,40.0,Female,North,High School,Salaried,311410.0,950089.77,12,18.44,3,375.0,Good,1484155.96,2019-05-11,0,Business,1100089.77,296,1484155.96
CUST00011,APP000011,28.0,Female,East,Bachelors,Unemployed,580610.0,963064.0,36,10.75,5,738.0,Average,461891.74,2019-05-03,0,Business,1213064.0,92,461891.74
CUST00012,APP000012,28.0,Female,West,PhD,Self-employed,178330.0,628490.42,60,10.71,5,588.0,Poor,3343336.22,2020-01-19,1,Education,878490.42,668,3343336.22
CUST00013,APP000013,41.0,Male,North,High School,Salaried,155270.0,930087.08,36,21.86,3,839.0,Average,675300.81,2021-06-14,0,Education,1080087.08,135,675300.81
CUST00014,APP000014,70.0,Male,South,PhD,Self-employed,138540.0,765637.26,60,11.24,4,552.0,Average,4260711.17,2021-08-10,1,Education,965637.26,852,4260711.17
CUST00015,APP000015,53.0,Male,East,PhD,Salaried,240600.0,555922.45,60,11.48,3,425.0,Average,4087783.34,2024-08-31,0,Home,705922.45,817,4087783.34
CUST00016,APP000016,57.0,Female,South,Bachelors,Self-employed,216170.0,196701.78,36,7.01,5,476.0,Good,78171.81,2019-04-19,1,Home,446701.78,15,78171.81
CUST00017,APP000017,41.0,Male,South,Masters,Self-employed,268810.0,469425.98,24,21.8,5,336.0,Good,4479674.51,2021-03-25,1,Home,719425.98,895,4479674.51
CUST00018,APP000018,20.0,Male,East,Diploma,Salaried,118900.0,569656.97,48,20.47,4,709.0,Good,154432.14,2023-09-15,0,Education,769656.97,30,154432.14
CUST00019,APP000019,39.0,Male,South,Masters,Salaried,192930.0,866682.35,12,17.66,3,426.0,Poor,1205832.47,2021-06-21,1,Education,1016682.35,241,1205832.47
CUST00020,APP000020,70.0,Male,East,Bachelors,Salaried,124090.0,491706.71,84,19.75,0,782.0,Average,171621.8,2024-01-14,0,Education,491706.71,34,171621.8
CUST00021,APP000021,19.0,Female,North,Bachelors,Salaried,95910.0,899721.18,48,9.58,0,467.0,Good,1685859.0,2022-02-13,0,Personal,899721.18,337,1685859.0
CUST00022,APP000022,41.0,Female,East,Bachelors,Salaried,159450.0,,12,14.79,4,891.0,Poor,2574193.96,2019-01-27,1,Education,200000.0,514,2574193.96
CUST00023,APP000023,61.0,Male,East,High School,Salaried,102620.0,154259.08,12,12.97,3,593.0,Good,3985257.9,2020-10-15,1,Education,304259.07999999996,797,3985257.9
CUST00024,APP000024,47.0,Male,West,Masters,Student,292690.0,995081.74,60,8.59,3,642.0,Good,1696527.94,2023-09-28,0,Home,1145081.74,339,1696527.94
CUST00025,APP000025,55.0,Female,East,Masters,Salaried,105770.0,536688.01,12,15.26,1,609.0,Average,3530395.22,2022-10-25,1,Education,586688.01,706,3530395.22
CUST00026,APP000026,19.0,,East,PhD,Salaried,195200.0,404021.13,84,22.65,5,827.0,Average,945647.24,2022-02-12,0,Education,654021.13,189,945647.24
CUST00027,APP000027,38.0,,North,PhD,Self-employed,120370.0,665931.49,12,7.68,2,839.0,Good,3755486.3,2020-09-28,1,Education,765931.49,751,3755486.3
CUST00028,APP000028,50.0,Male,West,PhD,Salaried,186940.0,126715.45,36,11.95,4,718.0,Good,1187623.06,2021-05-31,1,Education,326715.45,237,1187623.06
CUST00029,APP000029,29.0,Male,Central,Bachelors,Student,125240.0,643807.87,48,10.53,2,743.0,Good,726288.33,2022-10-10,0,Education,743807.87,145,726288.33
CUST00030,APP000030,39.0,Female,North,Masters,Self-employed,86800.0,508271.28,36,11.05,2,857.0,Good,935190.16,2020-02-23,1,Personal,608271.28,187,935190.16
CUST00031,APP000031,61.0,,North,Bachelors,Self-employed,207290.0,418540.59,84,22.44,4,535.0,Good,918495.01,2020-01-15,0,Home,618540.5900000001,183,918495.01
CUST00032,APP000032,42.0,Male,Central,High School,Salaried,144680.0,953959.62,12,14.96,3,738.0,,2569185.77,2023-04-06,1,Education,1103959.62,513,2569185.77
CUST00033,APP000033,66.0,Male,East,PhD,Salaried,187770.0,532088.92,84,14.93,4,513.0,Good,4225539.93,2020-02-01,1,Education,732088.92,845,4225539.93
CUST00034,APP000034,44.0,Female,South,Bachelors,Salaried,,234735.13,60,19.93,2,384.0,Good,407229.33,2023-01-10,1,Unknown,334735.13,81,407229.33
CUST00035,APP000035,59.0,Female,West,Bachelors,Unemployed,83790.0,469784.21,36,9.63,5,384.0,Good,3537712.03,2022-11-09,1,Personal,719784.21,707,3537712.03
CUST00036,APP000036,45.0,Female,South,High School,Salaried,279730.0,920999.66,36,15.28,5,788.0,Good,3275188.83,2021-12-19,1,Home,1170999.6600000001,655,3275188.83
CUST00037,APP000037,33.0,Female,Central,Diploma,Salaried,235240.0,192573.56,24,14.31,5,364.0,Average,4363874.56,2019-06-27,1,Home,442573.56,872,4363874.56
CUST00038,APP000038,32.0,Male,North,Masters,Student,122580.0,229677.9,12,17.15,3,363.0,Average,1228296.33,2024-02-25,0,Education,379677.9,245,1228296.33
CUST00039,APP000039,64.0,Male,North,Diploma,Salaried,168530.0,32768.98,60,23.99,0,642.0,Good,2256048.19,2020-05-26,0,Education,32768.98,451,2256048.19
CUST00040,APP000040,68.0,Female,West,PhD,Salaried,274030.0,33906.25,36,20.08,4,651.0,Good,4629878.6,2023-03-31,0,Home,233906.25,925,4629878.6
CUST00041,APP000041,61.0,Male,North,Bachelors,Salaried,129510.0,832803.79,36,13.76,5,457.0,Good,3303367.32,2019-11-19,0,Education,1082803.79,660,3303367.32
CUST00042,APP000042,69.0,Female,North,High School,Student,139950.0,737480.15,60,21.07,4,888.0,Good,1949954.38,2022-04-15,1,Education,937480.15,389,1949954.38
CUST00043,APP000043,20.0,Female,West,High School,Salaried,183840.0,367940.24,84,9.9,5,790.0,Good,665747.79,2023-01-21,1,Education,617940.24,133,665747.79
CUST00044,APP000044,54.0,Female,West,Masters,Self-employed,,704344.93,84,7.52,3,762.0,Good,1319800.19,2021-02-26,1,Unknown,854344.93,263,1319800.19
CUST00045,APP000045,68.0,Male,Central,Diploma,Self-employed,249830.0,407301.81,12,10.48,0,524.0,Good,2910265.23,2019-10-12,0,Home,407301.81,582,2910265.23
CUST00046,APP000046,24.0,Female,North,Masters,Salaried,149570.0,953838.86,24,12.79,0,612.0,Average,3593658.06,2019-07-07,0,Education,953838.86,718,3593658.06
CUST00047,APP000047,38.0,Male,North,Bachelors,Self-employed,109970.0,967711.63,36,15.68,5,765.0,Good,630865.22,2021-07-22,1,Education,1217711.63,126,630865.22
CUST00048,APP000048,26.0,Female,Central,Masters,Salaried,220650.0,404937.9,24,17.46,3,387.0,Good,3001990.33,2022-03-31,0,Home,554937.9,600,3001990.33
CUST00049,APP000049,56.0,Female,East,High School,Salaried,91940.0,857137.47,84,22.48,1,602.0,,2756252.88,2019-11-23,0,Personal,907137.47,551,2756252.88
CUST00050,APP000050,35.0,Male,East,High School,Self-employed,445720.0,777627.26,84,15.67,4,734.0,Good,2574637.68,2021-08-11,0,Business,977627.26,514,2574637.68
CUST00051,APP000051,21.0,Other,East,PhD,Unemployed,359060.0,323799.94,48,15.52,4,434.0,Good,3453714.36,2020-02-18,0,Business,523799.94,690,3453714.36
CUST00052,APP000052,42.0,Female,Central,PhD,Self-employed,210400.0,247399.03,12,7.85,2,349.0,Good,4188873.48,2023-04-06,0,Home,347399.03,837,4188873.48
CUST00053,APP000053,,Male,North,Bachelors,Salaried,201730.0,469069.96,48,7.59,3,731.0,Good,1621718.52,2022-02-12,1,Home,619069.96,324,1621718.52
CUST00054,APP000054,67.0,Male,Central,Diploma,Salaried,197050.0,785721.86,48,16.37,2,639.0,Average,4446170.83,2024-02-01,1,Education,885721.86,889,4446170.83
CUST00055,APP000055,26.0,Male,Central,Masters,Salaried,127450.0,960964.43,48,14.45,5,,Good,811561.73,2023-02-03,1,Education,1210964.4300000002,162,811561.73
CUST00056,APP000056,43.0,Male,East,Bachelors,Salaried,188840.0,768307.49,12,21.27,2,646.0,Good,873389.11,2020-10-28,1,Education,868307.49,174,873389.11
CUST00057,APP000057,70.0,Male,South,PhD,Salaried,102580.0,858102.85,12,9.73,0,544.0,Good,1341192.6,2023-02-25,0,Education,858102.85,268,1341192.6
CUST00058,APP000058,19.0,Female,North,Masters,Salaried,209380.0,611003.02,60,7.42,4,408.0,,606459.04,2022-12-26,1,Home,811003.02,121,606459.04
CUST00059,APP000059,37.0,Male,East,PhD,Salaried,251180.0,838699.67,24,14.63,2,832.0,Average,1159292.93,2021-05-08,1,Home,938699.67,231,1159292.93
CUST00060,APP000060,45.0,Male,South,Masters,Salaried,134720.0,788732.44,24,11.04,0,389.0,,540994.7,2021-12-29,0,Education,788732.44,108,540994.7
CUST00061,APP000061,64.0,Female,South,Diploma,Salaried,120870.0,389445.83,60,7.84,3,595.0,Good,4110544.56,2019-10-20,0,Education,539445.8300000001,822,4110544.56
CUST00062,APP000062,24.0,Male,West,Bachelors,Salaried,88770.0,560950.5,60,19.32,2,411.0,Good,703455.27,2020-12-01,1,Personal,660950.5,140,703455.27
CUST00063,APP000063,61.0,Female,North,Masters,Unemployed,337380.0,808658.06,84,8.9,5,888.0,Good,3739014.81,2024-12-27,0,Business,1058658.06,747,3739014.81
CUST00064,APP000064,25.0,Male,South,High School,Salaried,125760.0,65135.6,48,17.34,5,476.0,Average,249090.2,2021-09-29,0,Education,315135.6,49,249090.2
CUST00065,APP000065,64.0,Male,East,High School,Student,147360.0,811917.7,60,11.78,5,642.0,Good,4743116.43,2020-10-31,1,Education,1061917.7,948,4743116.43
CUST00066,APP000066,52.0,Female,West,Masters,Unemployed,189110.0,194330.36,36,9.95,4,400.0,Good,3558688.84,2024-03-08,1,Education,394330.36,711,3558688.84
CUST00067,APP000067,31.0,Female,North,Masters,Salaried,187420.0,524389.94,24,13.46,2,700.0,Good,43914.78,2023-04-04,0,Education,624389.94,8,43914.78
CUST00068,APP000068,34.0,Female,Central,Masters,Self-employed,236400.0,812109.93,60,20.62,3,327.0,Good,3821643.94,2022-01-10,1,Home,962109.93,764,3821643.94
CUST00069,APP000069,53.0,Female,East,High School,Self-employed,134640.0,268744.66,36,13.67,2,836.0,Good,2575268.78,2021-06-18,1,Education,368744.66,515,2575268.78
CUST00070,APP000070,67.0,Female,South,High School,Self-employed,92100.0,260891.29,36,19.76,4,357.0,Good,3899032.2,2022-08-21,1,Personal,460891.29000000004,779,3899032.2
CUST00071,APP000071,57.0,Male,South,Masters,Salaried,84390.0,414709.11,36,9.13,0,797.0,Good,2617259.08,2019-08-18,0,Personal,414709.11,523,2617259.08
CUST00072,APP000072,21.0,Male,East,PhD,Salaried,121830.0,896749.94,84,20.14,4,596.0,,3208714.04,2021-07-27,0,Education,1096749.94,641,3208714.04
CUST00073,APP000073,19.0,Female,South,PhD,Salaried,101120.0,20433.93,84,11.03,5,433.0,Good,3933794.96,2019-05-12,1,Education,270433.93,786,3933794.96
CUST00074,APP000074,23.0,Female,West,Diploma,Salaried,139830.0,903355.43,36,18.52,0,,Average,2031489.19,2022-07-16,0,Education,903355.43,406,2031489.19
CUST00075,APP000075,59.0,Other,North,Bachelors,Self-employed,312950.0,170730.88,84,16.62,5,548.0,Good,23513.67,2023-07-02,1,Business,420730.88,4,23513.67
CUST00076,APP000076,21.0,Male,West,PhD,Self-employed,134770.0,990284.65,48,22.8,1,849.0,Good,4251233.01,2022-01-01,0,Education,1040284.65,850,4251233.01
CUST00077,APP000077,46.0,Male,South,High School,Salaried,134750.0,955750.05,36,13.58,4,374.0,Average,1910642.91,2019-09-29,0,Education,1155750.05,382,1910642.91
CUST00078,APP000078,35.0,Female,Central,PhD,Self-employed,161430.0,504781.69,48,8.12,4,467.0,Good,2485253.2,2021-05-14,1,Education,704781.69,497,2485253.2
CUST00079,APP000079,43.0,Male,North,Diploma,Salaried,132880.0,522465.84,48,7.33,3,802.0,Average,48755.54,2022-07-12,0,Education,672465.8400000001,9,48755.54
CUST00080,APP000080,61.0,Female,North,Diploma,Salaried,157360.0,491918.35,36,21.06,2,654.0,Average,2465539.13,2021-05-20,0,Education,591918.35,493,2465539.13
CUST00081,APP000081,51.0,Female,East,Bachelors,Unemployed,213300.0,642734.77,24,15.92,0,524.0,Good,4932572.13,2024-08-06,0,Home,642734.77,986,4932572.13
CUST00082,APP000082,27.0,Male,East,PhD,Salaried,253310.0,108907.27,36,20.18,0,830.0,Poor,1398555.63,2023-06-09,1,Home,108907.27,279,1398555.63
CUST00083,APP000083,53.0,Female,Central,High School,Salaried,268770.0,51965.59,36,10.99,3,445.0,Good,1983137.17,2024-02-23,0,Home,201965.59,396,1983137.17
CUST00084,APP000084,31.0,Female,North,High School,Salaried,,76548.87,84,12.87,3,540.0,Good,3439078.08,2020-08-08,0,Unknown,226548.87,687,3439078.08
CUST00085,APP000085,48.0,Male,Central,Masters,Salaried,216360.0,455478.04,36,7.51,2,643.0,Good,4075820.4,2021-12-20,0,Home,555478.04,815,4075820.4
CUST00086,APP000086,65.0,Female,East,High School,Student,497440.0,290036.98,24,23.35,5,334.0,Good,2092784.2,2020-07-25,1,Business,540036.98,418,2092784.2
CUST00087,APP000087,32.0,Female,East,Bachelors,Self-employed,110390.0,629598.77,84,18.35,2,300.0,Average,1555247.66,2021-10-07,1,Education,729598.77,311,1555247.66
CUST00088,APP000088,25.0,Female,North,Bachelors,Student,463070.0,992593.44,12,22.86,4,452.0,Average,4689750.74,2021-12-12,1,Business,1192593.44,937,4689750.74
CUST00089,APP000089,31.0,,West,High School,Self-employed,134570.0,398596.71,12,11.51,5,728.0,Average,3388953.38,2023-10-21,1,Education,648596.71,677,3388953.38
CUST00090,APP000090,40.0,Female,South,High School,Salaried,141350.0,582364.43,48,17.39,1,807.0,Poor,603916.31,2023-06-24,0,Education,632364.43,120,603916.31
CUST00091,APP000091,57.0,Male,East,Masters,Salaried,153290.0,427291.82,48,18.53,2,425.0,Average,353950.11,2023-01-22,0,Education,527291.8200000001,70,353950.11
CUST00092,APP000092,38.0,Male,East,High School,Self-employed,145900.0,850326.23,24,12.4,3,790.0,Average,2422913.76,2021-06-17,1,Education,1000326.23,484,2422913.76
CUST00093,APP000093,33.0,Female,West,Masters,Salaried,169890.0,904191.68,60,21.42,5,781.0,Good,1108249.43,2020-07-20,0,Education,1154191.6800000002,221,1108249.43
CUST00094,APP000094,62.0,Male,West,Masters,Unemployed,121780.0,879808.5,12,23.1,2,644.0,Good,1277383.92,2024-09-18,0,Education,979808.5,255,1277383.92
CUST00095,APP000095,35.0,Male,Central,High School,Unemployed,246470.0,974884.79,48,22.04,0,520.0,Good,4389683.97,2024-07-14,0,Home,974884.79,877,4389683.97
CUST00096,APP000096,64.0,Female,Central,Diploma,Salaried,123450.0,46968.8,12,19.56,1,324.0,Average,456934.46,2020-01-08,0,Education,96968.8,91,456934.46
CUST00097,APP000097,70.0,Female,South,Diploma,Student,225890.0,843019.84,24,11.72,4,827.0,Good,3579666.93,2019-07-12,1,Home,1043019.84,715,3579666.93
CUST00098,APP000098,41.0,Female,South,Masters,Unemployed,349360.0,756736.73,24,11.79,0,481.0,Good,1362999.84,2020-03-25,0,Business,756736.73,272,1362999.84
CUST00099,APP000099,43.0,Female,North,High School,Self-employed,136140.0,244120.52,60,23.38,0,798.0,Good,3804037.82,2020-09-18,0,Education,244120.52,760,3804037.82
CUST00100,APP000100,42.0,Male,Central,Diploma,Salaried,242120.0,957193.69,60,7.17,1,341.0,Good,3614832.81,2020-10-17,1,Home,1007193.69,722,3614832.81
CUST00101,APP000101,62.0,Male,East,High School,Salaried,215260.0,165214.37,84,19.17,4,780.0,Good,46885.59,2023-09-26,0,Home,365214.37,9,46885.59
CUST00102,APP000102,58.0,Male,Central,High School,Salaried,502040.0,685958.93,24,19.01,3,738.0,,2550585.71,2019-09-18,0,Business,835958.93,510,2550585.71
CUST00103,APP000103,46.0,Female,East,High School,Salaried,126450.0,240392.41,48,17.59,5,701.0,Average,705204.22,2023-04-26,1,Education,490392.41000000003,141,705204.22
CUST00104,APP000104,32.0,Female,West,PhD,Salaried,242200.0,442753.04,12,23.83,4,845.0,Good,4332472.88,2023-04-13,0,Home,642753.04,866,4332472.88
CUST00105,APP000105,62.0,Female,Central,High School,Self-employed,72190.0,724776.7,36,12.3,2,644.0,Average,4359213.56,2024-04-01,0,Personal,824776.7,871,4359213.56
CUST00106,APP000106,18.0,Female,West,PhD,Salaried,127020.0,572058.15,60,12.78,0,344.0,Good,2097545.58,2024-12-07,1,Education,572058.15,419,2097545.58
CUST00107,APP000107,42.0,Male,South,Masters,Self-employed,194210.0,438951.79,36,8.34,2,320.0,Good,2227534.14,2021-10-26,0,Education,538951.79,445,2227534.14
CUST00108,APP000108,24.0,Female,South,Diploma,Student,326630.0,339811.66,48,14.53,3,369.0,Good,1523381.87,2019-02-17,0,Business,489811.66,304,1523381.87
CUST00109,APP000109,26.0,Male,North,Diploma,Unemployed,88170.0,842866.46,60,11.44,2,347.0,Good,3585865.43,2020-04-14,1,Personal,942866.46,717,3585865.43
CUST00110,APP000110,41.0,Female,Central,Diploma,Salaried,241120.0,160938.06,36,12.84,4,790.0,Good,1799720.2,2021-12-28,0,Home,360938.06,359,1799720.2
CUST00111,APP000111,18.0,Male,West,Diploma,Unemployed,157690.0,441500.82,48,21.19,2,850.0,Good,1346284.45,2022-10-25,1,Education,541500.8200000001,269,1346284.45
CUST00112,APP000112,61.0,Female,East,Diploma,Salaried,76060.0,,12,22.9,3,586.0,Good,2166832.99,2020-04-01,0,Personal,150000.0,433,2166832.99
CUST00113,APP000113,25.0,Male,South,Diploma,Salaried,178220.0,848932.56,48,10.16,3,309.0,Good,466522.72,2022-04-17,0,Education,998932.56,93,466522.72
CUST00114,APP000114,41.0,Male,South,Diploma,Self-employed,382540.0,412922.93,84,13.33,3,841.0,Good,3735549.99,2023-11-16,0,Business,562922.9299999999,747,3735549.99
CUST00115,APP000115,28.0,Male,East,Masters,Salaried,92950.0,767846.2,60,22.79,4,573.0,Average,72856.04,2020-10-09,1,Personal,967846.2,14,72856.04
CUST00116,APP000116,68.0,Female,West,High School,Salaried,154050.0,826697.61,24,8.05,3,899.0,Average,3225980.46,2024-02-02,0,Education,976697.61,645,3225980.46
CUST00117,APP000117,34.0,Female,West,Bachelors,Self-employed,99380.0,891109.68,12,8.57,0,,Good,922493.99,2019-01-14,1,Personal,891109.68,184,922493.99
CUST00118,APP000118,25.0,Male,Central,PhD,Salaried,128760.0,553615.65,36,9.77,3,628.0,Poor,1169696.19,2021-12-14,1,Education,703615.65,233,1169696.19
CUST00119,APP000119,52.0,Male,Central,Bachelors,Salaried,,,60,17.12,2,778.0,Good,3181803.67,2024-08-12,0,Unknown,100000.0,636,3181803.67
CUST00120,APP000120,52.0,Female,North,Bachelors,Salaried,142090.0,270202.89,24,9.56,5,314.0,Average,4964787.89,2021-01-01,1,Education,520202.89,992,4964787.89
CUST00121,APP000121,50.0,Male,South,High School,Self-employed,328000.0,309780.78,48,23.46,2,815.0,Average,3890810.27,2024-09-10,0,Business,409780.78,778,3890810.27
CUST00122,APP000122,22.0,Female,Central,High School,Self-employed,283380.0,601926.43,24,14.59,5,490.0,Average,1136939.76,2020-03-11,0,Home,851926.43,227,1136939.76
CUST00123,APP000123,59.0,Female,West,High School,Salaried,135760.0,52153.43,60,15.53,2,467.0,Good,888363.53,2022-05-07,1,Education,152153.43,177,888363.53
CUST00124,APP000124,56.0,Male,East,Diploma,Salaried,126590.0,,60,11.19,4,820.0,Good,4332502.02,2024-09-10,1,Education,200000.0,866,4332502.02
CUST00125,APP000125,58.0,Male,West,Masters,Salaried,,377067.15,84,15.01,2,436.0,Good,2226477.9,2021-03-25,0,Unknown,477067.15,445,2226477.9
CUST00126,APP000126,45.0,Other,South,Diploma,Salaried,102190.0,309336.97,84,18.25,4,453.0,Good,693893.49,2020-09-18,1,Education,509336.97,138,693893.49
CUST00127,APP000127,24.0,Male,West,Masters,Self-employed,194190.0,881906.64,24,19.77,4,687.0,Good,4312435.0,2023-03-12,0,Education,1081906.6400000001,862,4312435.0
CUST00128,APP000128,26.0,Male,North,Masters,Salaried,161150.0,470802.35,48,19.82,3,508.0,Good,4082300.84,2020-10-23,1,Education,620802.35,816,4082300.84
CUST00129,APP000129,25.0,Female,South,Bachelors,Salaried,119160.0,113151.98,24,16.82,0,571.0,Good,4919692.76,2024-12-12,0,Education,113151.98,983,4919692.76
CUST00130,APP000130,29.0,Female,East,Bachelors,Self-employed,75030.0,830211.83,60,22.37,5,442.0,Good,4549621.0,2019-01-03,0,Personal,1080211.83,909,4549621.0
CUST00131,APP000131,51.0,Other,North,Masters,Self-employed,171630.0,66688.43,60,20.9,3,368.0,Average,4260433.79,2022-08-20,0,Education,216688.43,852,4260433.79
CUST00132,APP000132,50.0,Female,South,Masters,Self-employed,128700.0,732214.24,36,19.87,3,546.0,Average,272346.25,2024-06-24,0,Education,882214.24,54,272346.25
CUST00133,APP000133,65.0,Male,East,Diploma,Salaried,147610.0,778428.1,84,7.95,4,560.0,Poor,531032.69,2019-03-21,0,Education,978428.1,106,531032.69
CUST00134,APP000134,40.0,Male,North,Diploma,Salaried,189540.0,365550.55,36,7.12,4,,Good,2849226.14,2020-04-03,1,Education,565550.55,569,2849226.14
CUST00135,APP000135,41.0,Female,North,Bachelors,Salaried,46590.0,828292.1,12,10.61,5,824.0,Average,2662081.44,2023-01-26,1,Personal,1078292.1,532,2662081.44
CUST00136,APP000136,54.0,Female,South,High School,Salaried,75610.0,525346.22,60,18.28,2,629.0,Average,2295236.44,2022-06-13,0,Personal,625346.22,459,2295236.44
CUST00137,APP000137,52.0,Male,Central,Masters,Self-employed,513100.0,474027.78,36,13.99,2,488.0,Good,1989978.73,2021-09-07,1,Business,574027.78,397,1989978.73
CUST00138,APP000138,61.0,Female,North,Diploma,Unemployed,126340.0,64495.22,24,13.84,3,394.0,Good,2161740.32,2019-08-26,1,Education,214495.22,432,2161740.32
CUST00139,APP000139,57.0,Male,North,Bachelors,Self-employed,46230.0,304228.61,84,22.04,1,307.0,Poor,2850796.69,2021-09-13,1,Personal,354228.61,570,2850796.69
CUST00140,APP000140,39.0,Female,East,Diploma,Self-employed,78830.0,932389.77,84,22.22,1,366.0,Good,20361.82,2019-11-19,1,Personal,982389.77,4,20361.82
CUST00141,APP000141,44.0,Male,West,Masters,Salaried,563680.0,403987.48,48,22.46,2,795.0,Good,1310936.78,2019-12-17,0,Business,503987.48,262,1310936.78
CUST00142,APP000142,52.0,Male,South,Masters,Self-employed,114520.0,555766.51,24,12.34,1,490.0,Good,2596215.81,2024-06-13,0,Education,605766.51,519,2596215.81
CUST00143,APP000143,18.0,Male,South,PhD,Salaried,290540.0,541381.25,48,18.75,2,665.0,Good,3613858.33,2019-10-11,0,Home,641381.25,722,3613858.33
CUST00144,APP000144,52.0,Male,Central,High School,Salaried,172920.0,598622.47,36,11.62,4,820.0,Average,879041.9,2024-12-21,0,Education,798622.47,175,879041.9
CUST00145,APP000145,54.0,Male,Central,PhD,Salaried,127710.0,80104.34,12,10.24,3,,Average,2738937.06,2020-05-30,1,Education,230104.34,547,2738937.06
CUST00146,APP000146,64.0,Female,South,Bachelors,Salaried,239840.0,374932.73,24,10.14,0,566.0,Good,3575153.82,2020-06-09,1,Home,374932.73,715,3575153.82
CUST00147,APP000147,31.0,Female,Central,Diploma,Salaried,49410.0,728665.71,24,12.82,3,784.0,Good,2228692.01,2024-04-30,1,Personal,878665.71,445,2228692.01
CUST00148,APP000148,20.0,Female,East,Bachelors,Student,79180.0,216549.05,24,14.31,2,808.0,Good,145134.86,2020-11-07,1,Personal,316549.05,29,145134.86
CUST00149,APP000149,18.0,Other,South,Masters,Salaried,127240.0,219506.81,48,21.13,2,597.0,Good,2251848.11,2021-12-21,1,Education,319506.81,450,2251848.11
CUST00150,APP000150,22.0,Male,Central,PhD,Salaried,83160.0,29888.79,36,9.04,3,463.0,Good,1489259.99,2024-12-01,0,Personal,179888.79,297,1489259.99
CUST00151,APP000151,43.0,Male,South,PhD,Salaried,121740.0,448732.29,24,19.49,5,675.0,Average,4648951.54,2023-09-30,0,Education,698732.29,929,4648951.54
CUST00152,APP000152,31.0,Female,West,PhD,Self-employed,249410.0,885079.69,24,16.03,2,567.0,Good,631820.79,2021-05-17,1,Home,985079.69,126,631820.79
CUST00153,APP000153,56.0,Male,North,Bachelors,Self-employed,173870.0,70862.92,84,11.9,1,848.0,Good,3265855.02,2021-04-03,1,Education,120862.92,653,3265855.02
CUST00154,APP000154,44.0,Other,South,Masters,Self-employed,316570.0,207296.34,12,15.38,1,373.0,Average,273071.63,2022-06-30,0,Business,257296.34,54,273071.63
CUST00155,APP000155,26.0,Male,North,Diploma,Salaried,179460.0,323882.85,84,12.1,2,807.0,Good,2236390.48,2023-06-23,0,Education,423882.85,447,2236390.48
CUST00156,APP000156,32.0,Other,Central,Diploma,Self-employed,267330.0,737090.24,84,17.13,2,372.0,Average,2774357.64,2023-03-10,0,Home,837090.24,554,2774357.64
CUST00157,APP000157,32.0,,North,Bachelors,Salaried,157620.0,647822.88,12,14.38,5,607.0,Average,1496795.11,2023-11-30,0,Education,897822.88,299,1496795.11
CUST00158,APP000158,43.0,Female,South,PhD,Unemployed,121160.0,427625.03,36,9.79,1,498.0,Average,2280827.42,2024-10-20,1,Education,477625.03,456,2280827.42
CUST00159,APP000159,59.0,Female,West,High School,Self-employed,341220.0,763887.56,84,8.98,2,429.0,Good,826133.43,2024-01-24,1,Business,863887.56,165,826133.43
CUST00160,APP000160,30.0,Other,Central,Bachelors,Salaried,114160.0,617438.39,36,16.29,2,871.0,Good,1527578.01,2020-05-10,1,Education,717438.39,305,1527578.01
CUST00161,APP000161,68.0,,South,Bachelors,Salaried,193290.0,898119.98,84,22.34,5,786.0,Good,3109320.56,2021-10-12,1,Education,1148119.98,621,3109320.56
CUST00162,APP000162,49.0,Female,Central,Masters,Salaried,239050.0,821666.21,60,12.85,5,450.0,Good,1515982.28,2021-07-09,1,Home,1071666.21,303,1515982.28
CUST00163,APP000163,56.0,Other,East,Diploma,Salaried,247890.0,267757.33,12,19.46,3,505.0,Average,4499717.96,2019-09-20,1,Home,417757.33,899,4499717.96
CUST00164,APP000164,66.0,Female,North,Bachelors,Salaried,90880.0,286009.81,84,18.2,5,478.0,Average,3145750.72,2022-10-16,1,Personal,536009.81,629,3145750.72
CUST00165,APP000165,69.0,Female,East,Bachelors,Self-employed,275400.0,142849.35,60,22.84,0,496.0,Average,2198858.6,2019-03-28,1,Home,142849.35,439,2198858.6
CUST00166,APP000166,49.0,Female,South,PhD,Salaried,99760.0,350225.43,48,20.96,1,388.0,Poor,203397.11,2021-07-31,0,Personal,400225.43,40,203397.11
CUST00167,APP000167,21.0,Male,West,PhD,Salaried,244100.0,999553.04,60,16.63,3,733.0,Average,2502746.19,2021-06-21,0,Home,1149553.04,500,2502746.19
CUST00168,APP000168,47.0,Female,Central,High School,Salaried,212690.0,417636.15,24,18.17,0,482.0,Good,3826233.45,2019-01-30,0,Home,417636.15,765,3826233.45
CUST00169,APP000169,54.0,Female,North,Masters,Salaried,245070.0,236078.67,84,22.27,2,508.0,Good,1335132.41,2019-10-18,1,Home,336078.67000000004,267,1335132.41
CUST00170,APP000170,40.0,Female,Central,High School,Unemployed,89100.0,767233.23,60,13.79,2,792.0,Average,4035800.11,2019-08-30,0,Personal,867233.23,807,4035800.11
CUST00171,APP000171,56.0,Male,South,PhD,Salaried,218370.0,551621.58,36,12.56,3,429.0,Good,1266515.76,2021-07-26,1,Home,701621.58,253,1266515.76
CUST00172,APP000172,62.0,Male,Central,Diploma,Self-employed,280070.0,166609.42,48,7.18,5,312.0,Good,4120494.48,2019-10-04,0,Home,416609.42000000004,824,4120494.48
CUST00173,APP000173,32.0,Female,North,PhD,Unemployed,179280.0,,84,21.05,2,405.0,Good,435489.02,2019-05-09,0,Education,100000.0,87,435489.02
CUST00174,APP000174,60.0,Female,South,Masters,Self-employed,108090.0,426180.32,24,20.62,4,674.0,Average,4332256.71,2022-09-15,0,Education,626180.3200000001,866,4332256.71
CUST00175,APP000175,46.0,,Central,PhD,Unemployed,257780.0,758753.11,60,8.78,3,881.0,Good,2500940.39,2019-10-18,0,Home,908753.11,500,2500940.39
CUST00176,APP000176,53.0,,West,Masters,Salaried,172290.0,40257.94,48,16.81,0,398.0,Average,1489722.57,2024-10-06,1,Education,40257.94,297,1489722.57
CUST00177,APP000177,30.0,Male,South,Masters,Student,70460.0,283639.25,84,14.89,3,893.0,Average,1332915.12,2021-09-01,1,Personal,433639.25,266,1332915.12
CUST00178,APP000178,49.0,Male,South,Masters,Salaried,103970.0,527244.38,48,9.02,1,886.0,Good,2165732.69,2022-02-14,0,Education,577244.38,433,2165732.69
CUST00179,APP000179,24.0,Male,West,Masters,Salaried,125100.0,283469.81,24,23.67,5,491.0,Good,4995257.0,2024-06-11,1,Education,533469.81,999,4995257.0
CUST00180,APP000180,68.0,Male,East,Masters,Self-employed,345560.0,635865.37,60,10.65,5,624.0,,1109433.69,2021-05-27,0,Business,885865.37,221,1109433.69
CUST00181,APP000181,39.0,Female,North,Diploma,Student,316500.0,492230.13,48,8.14,3,766.0,Average,525051.08,2020-06-25,0,Business,642230.13,105,525051.08
CUST00182,APP000182,45.0,Male,East,High School,Unemployed,316000.0,374476.05,48,17.11,2,666.0,Average,2929325.49,2024-04-20,1,Business,474476.05,585,2929325.49
CUST00183,APP000183,19.0,Other,Central,Bachelors,Salaried,182810.0,950224.45,12,19.56,2,617.0,Average,2447826.91,2021-09-22,0,Education,1050224.45,489,2447826.91
CUST00184,APP000184,59.0,Other,West,High School,Salaried,256990.0,639516.31,48,7.55,4,443.0,Good,2625739.39,2024-04-21,1,Home,839516.31,525,2625739.39
CUST00185,APP000185,62.0,Female,East,Masters,Student,92010.0,147342.54,12,18.2,4,683.0,Good,3338007.73,2023-07-26,1,Personal,347342.54000000004,667,3338007.73
CUST00186,APP000186,70.0,Female,South,Diploma,Salaried,163310.0,568889.86,60,16.05,5,515.0,Good,1343048.91,2021-02-18,0,Education,818889.86,268,1343048.91
CUST00187,APP000187,23.0,Male,Central,PhD,Self-employed,203990.0,785117.22,84,8.76,4,660.0,Average,4554218.33,2020-01-22,1,Home,985117.22,910,4554218.33
CUST00188,APP000188,45.0,Female,Central,Diploma,Unemployed,95090.0,714319.9,84,9.93,0,623.0,Good,2184003.61,2020-02-02,0,Personal,714319.9,436,2184003.61
CUST00189,APP000189,45.0,,East,Masters,Salaried,180770.0,188647.44,60,16.66,4,314.0,Good,654140.11,2023-11-01,1,Education,388647.44,130,654140.11
CUST00190,APP000190,61.0,Male,East,Diploma,Salaried,378250.0,972971.6,60,12.04,0,516.0,Good,3714070.8,2022-12-22,0,Business,972971.6,742,3714070.8
CUST00191,APP000191,61.0,Female,West,Diploma,Salaried,215210.0,459837.37,36,22.95,4,791.0,Good,3219090.72,2023-10-01,0,Home,659837.37,643,3219090.72
CUST00192,APP000192,37.0,Female,North,Masters,Salaried,257500.0,175844.5,60,20.92,5,846.0,Good,1585559.58,2023-08-11,0,Home,425844.5,317,1585559.58
CUST00193,APP000193,47.0,Female,East,Diploma,Unemployed,47750.0,196591.84,48,23.72,5,482.0,Good,3111378.43,2024-03-27,1,Personal,446591.83999999997,622,3111378.43
CUST00194,APP000194,28.0,Female,East,Bachelors,Salaried,354680.0,116270.29,84,11.41,0,569.0,Good,1107111.16,2019-08-10,0,Business,116270.29,221,1107111.16
CUST00195,APP000195,45.0,Female,South,Bachelors,Unemployed,148290.0,807447.75,24,23.49,3,766.0,Good,2229748.4,2020-02-08,0,Education,957447.75,445,2229748.4
CUST00196,APP000196,42.0,Male,Central,Diploma,Salaried,110820.0,139589.88,84,14.33,5,818.0,Average,4498068.49,2019-09-06,0,Education,389589.88,899,4498068.49
CUST00197,APP000197,56.0,Female,North,PhD,Student,149150.0,142622.75,12,12.91,3,841.0,Average,676335.82,2023-07-08,0,Education,292622.75,135,676335.82
CUST00198,APP000198,50.0,Female,South,Masters,Salaried,77460.0,853462.18,84,7.86,2,766.0,Good,1939615.29,2022-10-21,0,Personal,953462.18,387,1939615.29
CUST00199,APP000199,18.0,Male,West,Bachelors,Salaried,274850.0,357712.0,36,7.9,0,604.0,Average,4107500.7,2020-03-23,0,Home,357712.0,821,4107500.7
CUST00200,APP000200,44.0,Male,West,PhD,Salaried,137630.0,50240.75,60,18.76,5,443.0,Good,4847759.59,2021-10-15,0,Education,300240.75,969,4847759.59
CUST00201,APP000201,,Male,East,Diploma,Self-employed,112500.0,70857.39,60,14.78,1,410.0,Good,2275091.42,2021-02-23,0,Education,120857.39,455,2275091.42
CUST00202,APP000202,30.0,Female,East,PhD,Self-employed,149640.0,159327.04,84,10.85,2,531.0,Average,2539928.1,2021-02-18,0,Education,259327.04,507,2539928.1
CUST00203,APP000203,58.0,Other,West,High School,Unemployed,284650.0,229125.48,24,17.44,3,883.0,Average,2865138.09,2024-01-12,0,Home,379125.48,573,2865138.09
CUST00204,APP000204,,Male,East,Bachelors,Salaried,173810.0,671843.27,24,11.3,5,891.0,Average,4662417.23,2020-07-28,1,Education,921843.27,932,4662417.23
CUST00205,APP000205,56.0,Female,North,Diploma,Salaried,80430.0,174179.75,36,16.82,0,799.0,Good,4292451.89,2023-09-25,1,Personal,174179.75,858,4292451.89
CUST00206,APP000206,23.0,Male,East,Masters,Salaried,205350.0,136496.9,12,13.11,4,894.0,Good,861299.61,2021-01-21,0,Home,336496.9,172,861299.61
CUST00207,APP000207,25.0,,Central,Diploma,Salaried,,769424.76,84,21.0,1,853.0,Average,2189421.51,2022-02-14,1,Unknown,819424.76,437,2189421.51
CUST00208,APP000208,44.0,Female,East,Masters,Salaried,55380.0,677634.18,60,20.95,3,572.0,Good,2325362.14,2024-03-09,1,Personal,827634.18,465,2325362.14
CUST00209,APP000209,26.0,Female,South,Diploma,Student,343860.0,446617.74,84,15.11,2,472.0,Good,3947589.6,2021-10-20,1,Business,546617.74,789,3947589.6
CUST00210,APP000210,54.0,Male,North,PhD,Student,204560.0,558323.58,36,12.96,0,306.0,Average,3018435.48,2019-11-05,1,Home,558323.58,603,3018435.48
CUST00211,APP000211,50.0,Male,South,PhD,Student,156510.0,325744.34,48,13.16,1,454.0,Average,3274560.11,2023-12-21,1,Education,375744.34,654,3274560.11
CUST00212,APP000212,68.0,Male,South,PhD,Self-employed,136930.0,,48,20.7,0,821.0,Average,4991017.54,2020-02-06,0,Education,0.0,998,4991017.54
CUST00213,APP000213,59.0,Male,Central,High School,Salaried,327270.0,516539.2,36,12.58,5,845.0,Good,384050.62,2019-07-27,0,Business,766539.2,76,384050.62
CUST00214,APP000214,61.0,Female,North,Masters,Salaried,761910.0,399492.53,60,10.55,4,847.0,Average,1122819.02,2019-03-02,1,Business,599492.53,224,1122819.02
CUST00215,APP000215,41.0,Female,North,PhD,Salaried,203700.0,908440.77,36,8.44,2,817.0,Good,2045400.73,2020-01-18,0,Home,1008440.77,409,2045400.73
CUST00216,APP000216,32.0,Other,North,High School,Unemployed,97260.0,35740.63,60,14.93,0,514.0,Good,1745434.19,2021-08-26,0,Personal,35740.63,349,1745434.19
CUST00217,APP000217,49.0,,North,Masters,Salaried,150660.0,786527.84,24,15.2,3,433.0,Average,118011.35,2020-11-12,0,Education,936527.84,23,118011.35
CUST00218,APP000218,49.0,,North,Diploma,Salaried,201850.0,141895.17,36,21.3,5,584.0,Good,467970.26,2023-07-23,1,Home,391895.17000000004,93,467970.26
CUST00219,APP000219,41.0,Female,Central,High School,Salaried,50270.0,801596.41,60,10.76,5,425.0,Good,3407956.92,2024-06-12,0,Personal,1051596.4100000001,681,3407956.92
CUST00220,APP000220,58.0,Female,East,Bachelors,Salaried,192380.0,623593.68,36,13.48,2,738.0,Average,4397829.07,2024-05-25,0,Education,723593.68,879,4397829.07
CUST00221,APP000221,69.0,Female,South,High School,Unemployed,202440.0,846412.53,36,20.74,5,451.0,Good,2575992.79,2021-05-25,1,Home,1096412.53,515,2575992.79
CUST00222,APP000222,66.0,Male,North,High School,Self-employed,315900.0,115564.04,60,21.0,3,630.0,Good,2700563.49,2023-07-01,0,Business,265564.04,540,2700563.49
CUST00223,APP000223,66.0,Male,East,Masters,Salaried,299860.0,567801.02,60,13.54,0,837.0,Good,1282916.23,2019-08-29,0,Home,567801.02,256,1282916.23
CUST00224,APP000224,69.0,Male,East,Diploma,Student,172060.0,511066.12,12,14.81,2,682.0,Good,3841703.05,2020-11-05,0,Education,611066.12,768,3841703.05
CUST00225,APP000225,29.0,Female,South,Bachelors,Self-employed,347080.0,712069.32,36,12.16,5,414.0,Good,3761454.99,2023-04-02,0,Business,962069.32,752,3761454.99
CUST00226,APP000226,56.0,,Central,PhD,Salaried,450380.0,543604.74,48,22.85,5,781.0,Average,2945944.79,2019-01-09,0,Business,793604.74,589,2945944.79
CUST00227,APP000227,19.0,Male,West,PhD,Salaried,165050.0,549919.88,36,9.02,3,583.0,Average,1071194.79,2023-05-19,0,Education,699919.88,214,1071194.79
CUST00228,APP000228,20.0,Female,West,High School,Salaried,200610.0,441004.02,36,22.87,4,374.0,Good,494120.91,2021-12-22,0,Home,641004.02,98,494120.91
CUST00229,APP000229,66.0,Female,East,Masters,Salaried,67260.0,322657.74,60,18.63,4,465.0,Average,330550.49,2024-02-07,1,Personal,522657.74,66,330550.49
CUST00230,APP000230,54.0,Male,South,Masters,Student,78790.0,492619.07,36,16.04,5,,Good,2967553.37,2022-03-14,1,Personal,742619.0700000001,593,2967553.37
CUST00231,APP000231,66.0,Male,West,PhD,Salaried,107030.0,136122.51,84,7.56,0,377.0,Good,4126926.24,2023-09-29,1,Education,136122.51,825,4126926.24
CUST00232,APP000232,34.0,Female,East,Bachelors,Unemployed,130380.0,962283.07,36,15.09,2,320.0,Average,4293068.85,2024-06-16,0,Education,1062283.0699999998,858,4293068.85
CUST00233,APP000233,66.0,Female,Central,Diploma,Salaried,94080.0,720122.55,84,13.93,5,865.0,Good,2323474.15,2020-09-26,0,Personal,970122.55,464,2323474.15
CUST00234,APP000234,19.0,Female,West,Bachelors,Salaried,159850.0,953417.77,48,9.74,1,483.0,Poor,3923513.78,2021-02-16,1,Education,1003417.77,784,3923513.78
CUST00235,APP000235,19.0,Female,East,Diploma,Salaried,132340.0,242192.83,60,18.16,2,521.0,Good,4734932.18,2022-04-30,1,Education,342192.82999999996,946,4734932.18
CUST00236,APP000236,45.0,Female,East,PhD,Salaried,278020.0,881754.2,36,23.51,4,627.0,Average,1383098.86,2021-06-10,0,Home,1081754.2,276,1383098.86
CUST00237,APP000237,40.0,Female,North,Diploma,Salaried,128360.0,812614.18,84,16.56,5,478.0,Good,1995822.13,2019-08-28,0,Education,1062614.1800000002,399,1995822.13
CUST00238,APP000238,54.0,Female,Central,Masters,Student,51880.0,683609.36,84,19.15,3,411.0,Good,4658080.17,2019-09-07,0,Personal,833609.36,931,4658080.17
CUST00239,APP000239,49.0,Female,North,High School,Salaried,173320.0,632528.6,84,8.16,1,358.0,Good,1697772.53,2022-07-08,1,Education,682528.6,339,1697772.53
CUST00240,APP000240,50.0,Male,South,High School,Self-employed,161600.0,330218.67,24,14.1,5,626.0,Average,4570242.69,2019-08-23,1,Education,580218.6699999999,914,4570242.69
CUST00241,APP000241,18.0,Male,North,PhD,Salaried,105770.0,820082.57,12,8.98,0,,Good,4905413.86,2019-07-25,1,Education,820082.57,981,4905413.86
CUST00242,APP000242,36.0,Male,North,Masters,Salaried,170670.0,511485.15,48,17.42,1,499.0,Poor,3312435.54,2024-05-06,1,Education,561485.15,662,3312435.54
CUST00243,APP000243,,Female,West,Bachelors,Salaried,95070.0,89473.74,36,22.95,5,611.0,Good,4086282.54,2024-08-21,0,Personal,339473.74,817,4086282.54
CUST00244,APP000244,70.0,Female,East,Masters,Self-employed,191940.0,326605.9,24,18.25,0,334.0,Good,3750232.37,2024-12-15,1,Education,326605.9,750,3750232.37
CUST00245,APP000245,61.0,Female,Central,High School,Salaried,607110.0,936591.16,36,8.31,1,678.0,Good,3500675.95,2020-10-06,0,Business,986591.16,700,3500675.95
CUST00246,APP000246,43.0,Male,North,High School,Salaried,65990.0,853666.66,36,13.03,0,,Average,1541586.05,2019-08-21,1,Personal,853666.66,308,1541586.05
CUST00247,APP000247,49.0,Male,Central,Masters,Self-employed,125730.0,982267.58,60,16.36,0,536.0,Average,294900.75,2024-09-11,0,Education,982267.58,58,294900.75
CUST00248,APP000248,23.0,Male,North,Masters,Salaried,116050.0,635433.51,60,13.85,1,818.0,Good,1721828.15,2019-11-25,0,Education,685433.51,344,1721828.15
CUST00249,APP000249,49.0,Male,South,High School,Salaried,131050.0,262559.87,60,21.17,1,582.0,Average,3338010.57,2021-01-31,0,Education,312559.87,667,3338010.57
CUST00250,APP000250,21.0,Female,North,Bachelors,Salaried,271020.0,179558.75,24,20.85,0,300.0,Good,521620.7,2019-10-08,0,Home,179558.75,104,521620.7
CUST00251,APP000251,28.0,Male,West,PhD,Student,213500.0,203176.15,36,17.4,4,763.0,Average,69470.74,2019-10-06,0,Home,403176.15,13,69470.74
CUST00252,APP000252,34.0,Male,East,PhD,Self-employed,248790.0,39399.75,12,13.35,1,529.0,Average,707064.94,2021-08-21,0,Home,89399.75,141,707064.94
CUST00253,APP000253,55.0,Female,South,Masters,Salaried,165260.0,402868.47,48,11.34,5,471.0,Good,3581522.27,2023-07-12,1,Education,652868.47,716,3581522.27
CUST00254,APP000254,41.0,Male,North,PhD,Salaried,84030.0,207599.13,60,8.8,2,386.0,Good,4864240.57,2020-05-06,1,Personal,307599.13,972,4864240.57
CUST00255,APP000255,22.0,Female,Central,High School,Student,93210.0,423422.35,60,13.03,3,852.0,Poor,4915492.85,2021-10-05,0,Personal,573422.35,983,4915492.85
CUST00256,APP000256,69.0,Female,South,High School,Self-employed,236360.0,936294.54,36,14.02,0,422.0,Average,2474955.95,2019-06-12,0,Home,936294.54,494,2474955.95
CUST00257,APP000257,51.0,Male,South,Masters,Salaried,177270.0,441929.41,36,18.49,0,597.0,Good,4348067.98,2019-12-02,0,Education,441929.41,869,4348067.98
CUST00258,APP000258,23.0,Female,North,Masters,Unemployed,305620.0,880424.81,24,18.19,3,874.0,Good,3686764.01,2023-09-14,0,Business,1030424.81,737,3686764.01
CUST00259,APP000259,39.0,Female,South,Masters,Salaried,188460.0,,24,8.19,4,783.0,Good,2510190.78,2024-11-11,1,Education,200000.0,502,2510190.78
CUST00260,APP000260,28.0,Female,Central,Bachelors,Salaried,90080.0,262188.92,60,13.72,3,464.0,Good,2868075.06,2022-07-19,0,Personal,412188.92,573,2868075.06
CUST00261,APP000261,65.0,Male,South,PhD,Self-employed,125370.0,368737.66,36,10.09,1,682.0,Average,694763.46,2021-12-04,0,Education,418737.66,138,694763.46
CUST00262,APP000262,33.0,Female,Central,Masters,Salaried,215860.0,102241.15,12,9.67,3,508.0,Average,4688930.69,2021-04-16,0,Home,252241.15,937,4688930.69
CUST00263,APP000263,50.0,Female,North,Diploma,Student,232160.0,346793.34,48,21.06,0,731.0,Good,1766129.56,2022-07-10,1,Home,346793.34,353,1766129.56
CUST00264,APP000264,26.0,,East,Diploma,Self-employed,249580.0,683990.13,36,7.71,3,688.0,Good,2236284.79,2021-09-04,0,Home,833990.13,447,2236284.79
CUST00265,APP000265,23.0,Male,South,High School,Self-employed,96350.0,90668.87,36,14.13,2,859.0,Good,3361584.55,2021-12-23,1,Personal,190668.87,672,3361584.55
CUST00266,APP000266,33.0,Other,East,PhD,Salaried,89280.0,221293.38,84,9.86,5,523.0,Good,1676173.33,2023-06-10,0,Personal,471293.38,335,1676173.33
CUST00267,APP000267,46.0,Female,Central,Masters,Salaried,148020.0,393812.22,24,21.95,1,302.0,Good,1278753.21,2020-06-20,0,Education,443812.22,255,1278753.21
CUST00268,APP000268,20.0,Male,South,Diploma,Salaried,334380.0,982408.55,48,16.47,3,671.0,Good,3158936.47,2022-05-13,0,Business,1132408.55,631,3158936.47
CUST00269,APP000269,37.0,Female,West,PhD,Self-employed,115040.0,789164.59,60,10.93,0,745.0,Good,134670.57,2024-02-16,0,Education,789164.59,26,134670.57
CUST00270,APP000270,53.0,Male,East,High School,Salaried,204330.0,,36,15.54,5,415.0,Good,3606418.31,2022-07-19,1,Home,250000.0,721,3606418.31
CUST00271,APP000271,36.0,Male,South,Bachelors,Salaried,204340.0,133867.14,60,19.44,1,569.0,Good,2574976.62,2019-10-25,0,Home,183867.14,514,2574976.62
CUST00272,APP000272,43.0,Male,East,PhD,Self-employed,238090.0,785375.98,36,23.29,0,746.0,Good,3032711.12,2019-02-08,0,Home,785375.98,606,3032711.12
CUST00273,APP000273,20.0,Male,South,PhD,Salaried,374080.0,789563.44,60,10.75,4,667.0,Good,3163081.99,2024-02-21,0,Business,989563.44,632,3163081.99
CUST00274,APP000274,36.0,Male,North,Bachelors,Self-employed,355380.0,609080.64,48,22.07,2,552.0,Good,2639980.28,2020-02-14,0,Business,709080.64,527,2639980.28
CUST00275,APP000275,37.0,Male,East,PhD,Salaried,120900.0,990554.55,24,22.88,4,616.0,Good,2916843.55,2019-10-28,1,Education,1190554.55,583,2916843.55
CUST00276,APP000276,49.0,Female,West,High School,Student,57010.0,338748.83,48,22.58,2,714.0,Good,3422103.12,2021-05-23,1,Personal,438748.83,684,3422103.12
CUST00277,APP000277,24.0,Male,West,High School,Salaried,115930.0,942447.0,84,17.8,3,394.0,Good,3768063.05,2024-09-03,0,Education,1092447.0,753,3768063.05
CUST00278,APP000278,69.0,Male,Central,Bachelors,Salaried,169030.0,916436.49,12,17.71,1,323.0,Average,3639987.43,2021-12-22,1,Education,966436.49,727,3639987.43
CUST00279,APP000279,58.0,Female,South,Masters,Salaried,135830.0,31251.05,24,13.85,3,349.0,Poor,4349386.12,2020-06-26,1,Education,181251.05,869,4349386.12
CUST00280,APP000280,50.0,Male,East,Diploma,Salaried,435370.0,461114.2,48,19.79,2,801.0,Average,955322.73,2022-11-30,0,Business,561114.2,191,955322.73
CUST00281,APP000281,57.0,,Central,Masters,Self-employed,164290.0,977562.15,84,16.03,2,797.0,Good,2011728.37,2019-10-09,0,Education,1077562.15,402,2011728.37
CUST00282,APP000282,56.0,Male,East,PhD,Self-employed,225680.0,121058.94,12,18.52,2,634.0,Average,4739502.37,2021-09-27,0,Home,221058.94,947,4739502.37
CUST00283,APP000283,35.0,Male,South,Diploma,Self-employed,181430.0,556829.0,84,14.28,5,378.0,Average,1988986.97,2023-02-22,1,Education,806829.0,397,1988986.97
CUST00284,APP000284,57.0,Male,West,Bachelors,Salaried,136860.0,979378.36,36,19.44,0,881.0,Good,633101.68,2022-03-13,1,Education,979378.36,126,633101.68
CUST00285,APP000285,18.0,Male,North,Bachelors,Salaried,62170.0,564385.52,36,21.02,1,326.0,Good,2631971.18,2020-10-08,1,Personal,614385.52,526,2631971.18
CUST00286,APP000286,28.0,Male,West,Diploma,Salaried,156480.0,206019.0,60,9.49,3,570.0,Average,556359.95,2023-11-30,0,Education,356019.0,111,556359.95
CUST00287,APP000287,45.0,Male,Central,High School,Self-employed,828460.0,590539.57,24,21.16,3,861.0,Good,1022237.66,2022-05-24,0,Business,740539.57,204,1022237.66
CUST00288,APP000288,42.0,Male,North,Diploma,Unemployed,87360.0,220351.76,36,16.19,4,546.0,Good,4991610.6,2024-12-06,1,Personal,420351.76,998,4991610.6
CUST00289,APP000289,67.0,Male,Central,PhD,Salaried,65680.0,529310.18,84,21.36,2,890.0,Average,2711399.57,2019-02-02,1,Personal,629310.18,542,2711399.57
CUST00290,APP000290,40.0,Male,South,High School,Salaried,428560.0,92561.37,24,14.33,2,686.0,Average,1427451.36,2022-05-11,0,Business,192561.37,285,1427451.36
CUST00291,APP000291,48.0,Male,North,Bachelors,Self-employed,235870.0,613373.02,36,13.44,2,858.0,Good,4973927.02,2020-02-29,0,Home,713373.02,994,4973927.02
CUST00292,APP000292,47.0,Male,Central,Diploma,Unemployed,178740.0,526454.14,60,22.56,3,660.0,Good,4833129.0,2020-07-04,0,Education,676454.14,966,4833129.0
CUST00293,APP000293,59.0,Female,South,Masters,Self-employed,321690.0,745358.14,48,11.27,4,787.0,Good,2209287.82,2021-12-19,0,Business,945358.14,441,2209287.82
CUST00294,APP000294,52.0,Female,West,Masters,Unemployed,107390.0,638086.46,60,21.35,0,651.0,Average,1309411.51,2020-04-17,1,Education,638086.46,261,1309411.51
CUST00295,APP000295,24.0,Male,South,PhD,Salaried,154310.0,558614.14,12,15.23,5,555.0,Good,4193614.19,2020-03-14,0,Education,808614.14,838,4193614.19
CUST00296,APP000296,33.0,Female,East,Masters,Salaried,262390.0,695983.27,36,15.74,1,521.0,Good,3580947.38,2020-09-28,0,Home,745983.27,716,3580947.38
CUST00297,APP000297,43.0,Female,South,Diploma,Unemployed,,161063.08,12,12.24,0,300.0,Average,3437837.76,2022-01-20,1,Unknown,161063.08,687,3437837.76
CUST00298,APP000298,65.0,Male,South,Diploma,Self-employed,90740.0,603452.47,12,16.74,3,845.0,Good,4466637.57,2022-02-28,1,Personal,753452.47,893,4466637.57
CUST00299,APP000299,69.0,Female,East,Masters,Salaried,308770.0,188668.39,84,12.53,5,745.0,Average,3450191.5,2021-05-12,0,Business,438668.39,690,3450191.5
CUST00300,APP000300,66.0,Female,Central,Diploma,Self-employed,196990.0,927011.76,24,7.67,5,378.0,Good,1426151.74,2022-11-05,0,Education,1177011.76,285,1426151.74
CUST00301,APP000301,19.0,Male,Central,PhD,Unemployed,176580.0,86967.42,84,11.62,5,535.0,Good,3472377.18,2021-04-13,1,Education,336967.42,694,3472377.18
CUST00302,APP000302,18.0,Male,South,High School,Self-employed,162130.0,441767.25,36,7.11,2,633.0,Average,1536009.42,2021-12-17,0,Education,541767.25,307,1536009.42
CUST00303,APP000303,65.0,Female,East,PhD,Self-employed,81440.0,701881.53,12,23.63,1,648.0,Good,3798602.51,2024-09-01,0,Personal,751881.53,759,3798602.51
CUST00304,APP000304,29.0,Female,East,PhD,Salaried,263430.0,468861.77,48,23.42,3,397.0,Good,3102541.79,2024-06-24,0,Home,618861.77,620,3102541.79
CUST00305,APP000305,22.0,Male,West,Diploma,Salaried,110070.0,110253.35,12,13.72,3,381.0,Good,396283.64,2021-10-25,1,Education,260253.35,79,396283.64
CUST00306,APP000306,54.0,Male,Central,High School,Salaried,94860.0,562311.44,48,19.38,5,801.0,Average,2569048.46,2019-07-28,0,Personal,812311.44,513,2569048.46
CUST00307,APP000307,49.0,Male,North,Diploma,Unemployed,253400.0,648799.27,84,12.88,3,776.0,Poor,1723071.84,2020-01-14,1,Home,798799.27,344,1723071.84
CUST00308,APP000308,26.0,Female,Central,Bachelors,Unemployed,241490.0,709716.46,84,18.41,1,,Poor,1649567.46,2023-10-01,0,Home,759716.46,329,1649567.46
CUST00309,APP000309,58.0,Female,Central,Diploma,Unemployed,169310.0,385794.62,24,20.69,1,313.0,Good,3015258.95,2022-02-07,1,Education,435794.62,603,3015258.95
CUST00310,APP000310,52.0,Male,West,Diploma,Salaried,279220.0,572386.77,12,23.09,4,691.0,Good,1618400.87,2019-06-30,1,Home,772386.77,323,1618400.87
CUST00311,APP000311,36.0,Male,North,Diploma,Self-employed,332030.0,461672.75,60,13.8,4,646.0,Good,3886699.8,2019-01-15,0,Business,661672.75,777,3886699.8
CUST00312,APP000312,65.0,Female,West,High School,Self-employed,313050.0,,84,20.32,0,,Average,363249.27,2022-09-28,0,Business,0.0,72,363249.27
CUST00313,APP000313,33.0,Male,North,Diploma,Self-employed,124970.0,591885.83,84,11.52,1,685.0,Good,3305337.38,2020-06-19,1,Education,641885.83,661,3305337.38
CUST00314,APP000314,20.0,Male,South,High School,Self-employed,270240.0,535241.1,24,23.84,1,508.0,Poor,4047882.07,2021-12-08,0,Home,585241.1,809,4047882.07
CUST00315,APP000315,37.0,Female,North,Masters,Unemployed,180920.0,264533.88,48,7.44,1,,Good,3367430.13,2020-10-23,1,Education,314533.88,673,3367430.13
CUST00316,APP000316,41.0,Female,West,Bachelors,Salaried,385750.0,21978.15,24,17.26,4,900.0,Poor,2491173.68,2023-12-15,0,Business,221978.15,498,2491173.68
CUST00317,APP000317,50.0,Female,Central,High School,Salaried,152990.0,190600.04,12,18.21,5,867.0,Average,4752032.0,2023-10-18,0,Education,440600.04000000004,950,4752032.0
CUST00318,APP000318,41.0,Female,North,Masters,Salaried,136180.0,134724.72,36,18.7,5,393.0,Average,1506693.06,2019-02-09,0,Education,384724.72,301,1506693.06
CUST00319,APP000319,69.0,Male,North,High School,Salaried,119740.0,460103.05,36,9.05,3,392.0,Good,105647.76,2020-04-03,0,Education,610103.05,21,105647.76
CUST00320,APP000320,28.0,Male,East,High School,Self-employed,178910.0,620012.99,48,22.96,5,639.0,Good,2165626.96,2019-11-05,1,Education,870012.99,433,2165626.96
CUST00321,APP000321,66.0,Female,Central,Bachelors,Self-employed,205530.0,228823.31,84,10.08,2,896.0,Good,174729.56,2020-09-02,0,Home,328823.31,34,174729.56
CUST00322,APP000322,25.0,Male,South,PhD,Salaried,207520.0,940275.95,48,17.59,4,744.0,Good,4770144.4,2019-05-28,0,Home,1140275.95,954,4770144.4
CUST00323,APP000323,53.0,Male,West,PhD,Salaried,193800.0,26548.49,84,10.79,1,321.0,Good,1057491.05,2023-02-21,0,Education,76548.49,211,1057491.05
CUST00324,APP000324,55.0,Male,South,High School,Self-employed,227640.0,776854.99,84,12.22,5,590.0,Good,3946745.85,2020-08-29,1,Home,1026854.99,789,3946745.85
CUST00325,APP000325,57.0,Male,Central,Diploma,Salaried,145620.0,632700.67,36,16.29,4,784.0,,3875114.7,2023-10-27,0,Education,832700.67,775,3875114.7
CUST00326,APP000326,37.0,Male,North,Masters,Salaried,105210.0,386083.71,48,14.09,5,605.0,Average,1096467.21,2020-06-06,1,Education,636083.71,219,1096467.21
CUST00327,APP000327,52.0,Male,North,Diploma,Salaried,100720.0,69479.17,24,9.72,0,427.0,Average,3109920.39,2019-06-21,1,Education,69479.17,621,3109920.39
CUST00328,APP000328,65.0,Male,Central,Diploma,Salaried,265010.0,,84,9.91,1,572.0,Good,249914.05,2022-06-16,0,Home,50000.0,49,249914.05
CUST00329,APP000329,,Male,North,High School,Salaried,205900.0,397901.24,60,14.11,0,741.0,Poor,2423037.18,2023-02-02,0,Home,397901.24,484,2423037.18
CUST00330,APP000330,52.0,Female,North,High School,Salaried,64350.0,937541.8,60,19.87,1,802.0,Good,83089.17,2019-06-13,0,Personal,987541.8,16,83089.17
CUST00331,APP000331,42.0,Female,North,High School,Salaried,281640.0,551150.27,24,22.27,4,429.0,Good,4606507.96,2023-01-05,1,Home,751150.27,921,4606507.96
CUST00332,APP000332,46.0,Female,West,High School,Unemployed,416740.0,940858.48,60,8.43,3,431.0,Good,4880669.26,2021-05-10,0,Business,1090858.48,976,4880669.26
CUST00333,APP000333,35.0,Female,West,PhD,Salaried,113780.0,236074.02,12,13.68,5,896.0,Average,1119191.01,2021-10-19,1,Education,486074.02,223,1119191.01
CUST00334,APP000334,63.0,Female,East,High School,Self-employed,192540.0,731211.39,84,8.7,5,781.0,Good,1048449.11,2020-02-26,0,Education,981211.39,209,1048449.11
CUST00335,APP000335,35.0,Male,South,PhD,Salaried,128450.0,624904.04,24,7.28,2,689.0,Good,3771063.68,2022-12-19,0,Education,724904.04,754,3771063.68
CUST00336,APP000336,19.0,Female,Central,PhD,Salaried,222830.0,,48,18.25,0,892.0,Average,1274363.2,2023-07-23,0,Home,0.0,254,1274363.2
CUST00337,APP000337,52.0,Female,Central,High School,Self-employed,90850.0,230374.51,84,17.24,5,,Good,4476432.03,2020-09-25,1,Personal,480374.51,895,4476432.03
CUST00338,APP000338,33.0,Female,Central,Bachelors,Salaried,157040.0,671694.63,24,9.77,4,368.0,Average,2873906.39,2021-08-27,1,Education,871694.63,574,2873906.39
CUST00339,APP000339,58.0,Male,East,Masters,Salaried,265840.0,508079.59,36,10.97,3,,Poor,1760380.34,2020-10-27,0,Home,658079.5900000001,352,1760380.34
CUST00340,APP000340,53.0,Male,West,Diploma,Self-employed,301900.0,747968.48,48,7.4,4,827.0,Poor,4165141.79,2020-12-26,0,Business,947968.48,833,4165141.79
CUST00341,APP000341,50.0,Male,East,PhD,Self-employed,201440.0,340503.75,36,21.19,0,,Good,2472099.44,2023-08-16,1,Home,340503.75,494,2472099.44
CUST00342,APP000342,21.0,Male,Central,Masters,Salaried,137380.0,892255.88,84,23.57,2,787.0,Good,4559048.24,2019-04-12,0,Education,992255.88,911,4559048.24
CUST00343,APP000343,50.0,Female,South,Bachelors,Salaried,73400.0,102615.29,48,9.3,5,725.0,Good,4640791.04,2021-01-04,1,Personal,352615.29,928,4640791.04
CUST00344,APP000344,31.0,Female,North,Diploma,Self-employed,111440.0,811045.53,60,10.94,4,564.0,Good,835446.56,2022-09-22,0,Education,1011045.53,167,835446.56
CUST00345,APP000345,38.0,Male,West,Diploma,Salaried,128720.0,864093.23,24,21.76,1,641.0,Good,21593.8,2023-08-14,0,Education,914093.23,4,21593.8
CUST00346,APP000346,65.0,Other,West,PhD,Self-employed,114820.0,820907.27,84,22.75,3,577.0,Good,4919815.39,2021-10-13,0,Education,970907.27,983,4919815.39
CUST00347,APP000347,,Female,East,High School,Self-employed,167670.0,,12,14.13,4,738.0,Poor,4531626.31,2021-12-28,1,Education,200000.0,906,4531626.31
CUST00348,APP000348,,Male,West,Bachelors,Student,137180.0,449617.28,48,7.86,3,456.0,Poor,286671.73,2020-10-14,1,Education,599617.28,57,286671.73
CUST00349,APP000349,24.0,Male,Central,PhD,Salaried,177380.0,996337.04,48,7.67,5,721.0,Good,4166840.98,2020-03-18,0,Education,1246337.04,833,4166840.98
CUST00350,APP000350,20.0,Male,Central,Bachelors,Unemployed,296950.0,244588.51,84,16.76,1,550.0,Good,2294446.61,2023-04-16,0,Home,294588.51,458,2294446.61
CUST00351,APP000351,34.0,Male,East,High School,Salaried,132820.0,555938.45,84,13.68,2,829.0,Good,1302218.41,2019-06-08,0,Education,655938.45,260,1302218.41
CUST00352,APP000352,50.0,Male,Central,High School,Salaried,81520.0,677262.01,36,7.49,2,626.0,Good,4394945.15,2024-04-11,1,Personal,777262.01,878,4394945.15
CUST00353,APP000353,65.0,Male,South,PhD,Salaried,,706850.28,60,16.92,1,396.0,Average,991369.49,2021-06-30,0,Unknown,756850.28,198,991369.49
CUST00354,APP000354,29.0,Male,East,High School,Self-employed,217900.0,219944.17,36,7.19,3,812.0,Average,4737027.0,2021-03-28,0,Home,369944.17000000004,947,4737027.0
CUST00355,APP000355,68.0,Male,South,Masters,Salaried,,660914.21,36,20.39,5,515.0,Average,1036051.22,2024-02-29,0,Unknown,910914.21,207,1036051.22
CUST00356,APP000356,39.0,Female,North,Diploma,Salaried,199390.0,822002.18,60,12.21,4,431.0,Average,3072279.11,2022-12-03,0,Education,1022002.18,614,3072279.11
CUST00357,APP000357,39.0,Male,South,PhD,Salaried,311880.0,69018.21,12,7.68,1,559.0,Good,1123200.81,2022-06-04,0,Business,119018.21,224,1123200.81
CUST00358,APP000358,63.0,Female,North,Bachelors,Unemployed,148270.0,913290.87,36,17.0,0,424.0,Average,2732886.64,2021-07-21,1,Education,913290.87,546,2732886.64
CUST00359,APP000359,47.0,Male,North,Masters,Self-employed,454100.0,48913.97,36,13.76,3,381.0,,3423035.9,2021-07-02,0,Business,198913.97,684,3423035.9
CUST00360,APP000360,55.0,Other,South,PhD,Self-employed,245020.0,368851.61,48,23.55,2,582.0,Good,959237.37,2019-04-07,0,Home,468851.61,191,959237.37
CUST00361,APP000361,,Male,East,High School,Salaried,46090.0,35496.93,60,16.25,1,358.0,Good,2609220.06,2021-03-02,0,Personal,85496.93,521,2609220.06
CUST00362,APP000362,62.0,Male,Central,High School,Salaried,400440.0,95602.27,24,11.68,2,843.0,Good,2350608.12,2023-06-21,0,Business,195602.27000000002,470,2350608.12
CUST00363,APP000363,68.0,Other,Central,High School,Self-employed,110910.0,912944.92,12,19.06,3,460.0,Good,364476.73,2022-09-06,1,Education,1062944.92,72,364476.73
CUST00364,APP000364,25.0,Female,North,High School,Salaried,97050.0,367763.61,12,11.62,2,583.0,Good,4093356.01,2022-02-15,0,Personal,467763.61,818,4093356.01
CUST00365,APP000365,44.0,,North,Bachelors,Salaried,211480.0,436276.1,60,22.37,1,405.0,Poor,1685055.18,2019-10-12,0,Home,486276.1,337,1685055.18
CUST00366,APP000366,44.0,Male,East,Masters,Self-employed,68250.0,231037.49,84,13.37,3,404.0,Good,2877165.17,2022-02-17,1,Personal,381037.49,575,2877165.17
CUST00367,APP000367,51.0,Male,West,Diploma,Student,114950.0,605153.85,84,16.35,0,738.0,Good,2578773.33,2022-12-09,0,Education,605153.85,515,2578773.33
CUST00368,APP000368,38.0,Female,South,Bachelors,Self-employed,354530.0,602907.15,48,7.86,1,527.0,Good,2571169.92,2024-09-17,0,Business,652907.15,514,2571169.92
CUST00369,APP000369,47.0,Female,North,Bachelors,Self-employed,214940.0,384756.38,48,14.24,4,881.0,Average,545039.75,2023-06-26,0,Home,584756.38,109,545039.75
CUST00370,APP000370,50.0,Female,Central,Diploma,Student,244290.0,346374.17,60,21.15,5,617.0,Good,2123175.23,2022-09-18,0,Home,596374.1699999999,424,2123175.23
CUST00371,APP000371,45.0,Female,East,Diploma,Salaried,117190.0,887265.02,48,20.7,1,763.0,Poor,2267310.13,2019-04-24,0,Education,937265.02,453,2267310.13
CUST00372,APP000372,64.0,Male,South,High School,Self-employed,75420.0,395618.55,12,10.81,3,898.0,Average,3670877.77,2020-04-17,0,Personal,545618.55,734,3670877.77
CUST00373,APP000373,,Female,East,Bachelors,Student,231750.0,503630.97,12,10.84,5,771.0,Good,4201693.97,2021-12-05,1,Home,753630.97,840,4201693.97
CUST00374,APP000374,22.0,Male,South,PhD,Salaried,259140.0,297638.67,24,20.89,1,355.0,Average,2729461.57,2021-01-01,0,Home,347638.67,545,2729461.57
CUST00375,APP000375,65.0,Male,South,Diploma,Self-employed,253340.0,791034.11,84,22.82,0,312.0,Good,443046.94,2021-12-23,0,Home,791034.11,88,443046.94
CUST00376,APP000376,36.0,Male,North,Diploma,Self-employed,180690.0,,60,8.62,0,739.0,Good,1191878.86,2019-06-06,0,Education,0.0,238,1191878.86
CUST00377,APP000377,,Female,East,Masters,Self-employed,100350.0,523338.83,36,14.65,4,317.0,Average,833020.79,2020-03-20,1,Education,723338.8300000001,166,833020.79
CUST00378,APP000378,,Male,East,PhD,Self-employed,550670.0,268290.03,84,12.74,2,412.0,Good,631829.17,2023-11-15,1,Business,368290.03,126,631829.17
CUST00379,APP000379,66.0,Male,Central,PhD,Student,206880.0,987906.4,36,21.8,5,528.0,Good,1835837.5,2022-11-16,1,Home,1237906.4,367,1835837.5
CUST00380,APP000380,34.0,Female,Central,Diploma,Self-employed,149200.0,305665.83,24,8.42,3,470.0,Good,1154673.58,2022-07-08,0,Education,455665.83,230,1154673.58
CUST00381,APP000381,61.0,Male,North,High School,Salaried,149530.0,775327.68,24,10.59,3,594.0,Good,1099332.53,2023-11-23,0,Education,925327.68,219,1099332.53
CUST00382,APP000382,45.0,Female,North,Masters,Unemployed,175400.0,438945.74,48,19.79,2,488.0,Poor,282918.94,2024-09-25,0,Education,538945.74,56,282918.94
CUST00383,APP000383,47.0,Male,West,PhD,Salaried,277840.0,222093.06,24,7.87,0,725.0,Good,98173.52,2020-04-18,0,Home,222093.06,19,98173.52
CUST00384,APP000384,46.0,Female,Central,Diploma,Salaried,178940.0,803724.39,24,15.37,0,378.0,Average,522813.53,2023-04-27,1,Education,803724.39,104,522813.53
CUST00385,APP000385,63.0,Female,South,PhD,Salaried,250010.0,346934.65,36,14.52,1,481.0,Good,869265.42,2021-02-17,0,Home,396934.65,173,869265.42
CUST00386,APP000386,70.0,Male,East,Masters,Salaried,175550.0,,48,12.68,4,798.0,Average,2160608.81,2021-11-09,0,Education,200000.0,432,2160608.81
CUST00387,APP000387,23.0,Male,North,Masters,Salaried,153860.0,916952.04,24,13.71,5,370.0,,2557496.1,2019-07-01,1,Education,1166952.04,511,2557496.1
CUST00388,APP000388,52.0,,East,Bachelors,Student,224270.0,862627.36,84,16.01,4,547.0,Good,711553.67,2023-11-22,1,Home,1062627.3599999999,142,711553.67
CUST00389,APP000389,58.0,Male,East,Diploma,Self-employed,220060.0,54307.76,24,9.74,4,445.0,Average,2129668.87,2019-01-07,0,Home,254307.76,425,2129668.87
CUST00390,APP000390,54.0,Other,West,Masters,Self-employed,149520.0,791625.88,48,16.72,1,595.0,Good,1715326.72,2024-10-30,1,Education,841625.88,343,1715326.72
CUST00391,APP000391,41.0,Male,Central,Bachelors,Salaried,111900.0,423112.68,60,20.69,4,881.0,Good,925283.98,2021-03-18,0,Education,623112.6799999999,185,925283.98
CUST00392,APP000392,46.0,Female,North,Bachelors,Student,193080.0,876248.46,48,19.92,2,769.0,Good,44135.33,2023-01-31,1,Education,976248.46,8,44135.33
CUST00393,APP000393,66.0,Male,East,PhD,Student,169260.0,645195.18,36,9.62,1,805.0,Average,2340419.15,2023-11-02,1,Education,695195.18,468,2340419.15
CUST00394,APP000394,63.0,Female,North,PhD,Self-employed,,836970.27,60,9.54,2,492.0,Good,3431402.23,2019-10-14,1,Unknown,936970.27,686,3431402.23
CUST00395,APP000395,70.0,Female,South,Bachelors,Salaried,106810.0,509443.13,84,11.56,1,367.0,Poor,1139123.9,2022-09-14,1,Education,559443.13,227,1139123.9
CUST00396,APP000396,48.0,Female,West,PhD,Salaried,199830.0,544324.99,12,13.14,4,793.0,Good,667716.08,2022-07-09,0,Education,744324.99,133,667716.08
CUST00397,APP000397,52.0,Male,South,Masters,Salaried,214280.0,161499.88,48,13.94,2,351.0,Good,4436343.29,2020-05-25,0,Home,261499.88,887,4436343.29
CUST00398,APP000398,50.0,Male,North,High School,Salaried,135940.0,788307.61,36,18.55,2,662.0,Average,1382373.61,2022-05-15,1,Education,888307.61,276,1382373.61
CUST00399,APP000399,69.0,Male,North,Masters,Salaried,121790.0,431001.82,84,7.96,2,773.0,Average,1125826.97,2024-09-08,1,Education,531001.8200000001,225,1125826.97
CUST00400,APP000400,38.0,Female,Central,Bachelors,Student,107460.0,510078.52,60,7.59,1,820.0,Average,4286913.73,2022-06-20,0,Education,560078.52,857,4286913.73
CUST00401,APP000401,49.0,Female,East,Bachelors,Salaried,197030.0,789395.76,84,13.66,3,730.0,Poor,4087364.42,2023-07-31,0,Education,939395.76,817,4087364.42
CUST00402,APP000402,40.0,Other,East,Masters,Salaried,108880.0,606868.49,48,18.85,4,597.0,Good,2247248.89,2022-08-29,1,Education,806868.49,449,2247248.89
CUST00403,APP000403,50.0,Male,South,PhD,Salaried,499100.0,217076.75,24,10.29,2,734.0,Good,2451301.92,2023-07-07,0,Business,317076.75,490,2451301.92
CUST00404,APP000404,20.0,Female,West,PhD,Salaried,132570.0,598428.01,48,17.91,5,497.0,Good,1096566.04,2022-04-26,1,Education,848428.01,219,1096566.04
CUST00405,APP000405,35.0,Female,East,Bachelors,Salaried,48410.0,419480.2,12,11.42,3,427.0,Average,400725.34,2020-06-05,1,Personal,569480.2,80,400725.34
CUST00406,APP000406,42.0,Male,Central,Diploma,Salaried,,480135.03,48,22.06,5,831.0,Average,2871424.81,2021-02-24,1,Unknown,730135.03,574,2871424.81
CUST00407,APP000407,59.0,Male,South,PhD,Salaried,156920.0,47745.05,60,22.23,4,710.0,Good,500741.16,2023-09-19,1,Education,247745.05,100,500741.16
CUST00408,APP000408,48.0,Female,South,Masters,Self-employed,283750.0,225828.76,60,12.05,4,364.0,Good,2251879.99,2023-04-02,1,Home,425828.76,450,2251879.99
CUST00409,APP000409,20.0,Female,Central,PhD,Student,187970.0,295417.32,48,10.91,2,540.0,Good,4703081.02,2020-12-13,0,Education,395417.32,940,4703081.02
CUST00410,APP000410,57.0,Female,West,Masters,Salaried,107270.0,718700.81,60,13.99,2,668.0,Average,4764643.6,2022-05-17,0,Education,818700.81,952,4764643.6
CUST00411,APP000411,63.0,Male,Central,Bachelors,Salaried,141040.0,31262.62,24,11.09,1,835.0,Good,1204268.11,2023-07-22,0,Education,81262.62,240,1204268.11
CUST00412,APP000412,41.0,Female,West,PhD,Unemployed,191700.0,420601.72,84,18.43,3,683.0,Good,3124325.97,2019-01-02,1,Education,570601.72,624,3124325.97
CUST00413,APP000413,67.0,Male,Central,Masters,Salaried,55140.0,925546.33,48,21.04,3,,Good,2375640.56,2022-05-29,0,Personal,1075546.33,475,2375640.56
CUST00414,APP000414,49.0,Male,Central,Bachelors,Salaried,317840.0,129643.0,24,18.44,2,382.0,Average,4379668.79,2022-03-21,0,Business,229643.0,875,4379668.79
CUST00415,APP000415,64.0,Male,North,Diploma,Unemployed,107410.0,526095.9,84,21.01,4,873.0,Average,1364440.01,2021-05-10,1,Education,726095.9,272,1364440.01
CUST00416,APP000416,39.0,Female,South,Masters,Salaried,330550.0,790791.93,84,13.75,2,585.0,Average,28475.01,2023-10-27,0,Business,890791.93,5,28475.01
CUST00417,APP000417,40.0,Female,Central,Diploma,Self-employed,198040.0,943680.68,24,9.66,4,833.0,Good,821180.42,2022-08-12,0,Education,1143680.6800000002,164,821180.42
CUST00418,APP000418,19.0,Female,Central,Diploma,Self-employed,222970.0,751841.11,36,19.55,4,758.0,Good,1754118.78,2024-03-19,1,Home,951841.11,350,1754118.78
CUST00419,APP000419,44.0,Male,East,High School,Salaried,289150.0,726154.24,48,13.13,2,511.0,Average,1585448.44,2023-12-15,0,Home,826154.24,317,1585448.44
CUST00420,APP000420,59.0,,South,PhD,Salaried,216760.0,829958.33,84,18.41,0,425.0,Poor,3958900.97,2023-12-17,1,Home,829958.33,791,3958900.97
CUST00421,APP000421,19.0,Male,East,Masters,Self-employed,227850.0,457277.2,84,11.6,3,712.0,Good,3405997.72,2021-05-25,1,Home,607277.2,681,3405997.72
CUST00422,APP000422,43.0,Female,South,Diploma,Salaried,149910.0,809727.64,60,8.38,5,798.0,Good,1504786.03,2024-09-24,1,Education,1059727.6400000001,300,1504786.03
CUST00423,APP000423,,Male,East,High School,Salaried,196040.0,27805.12,84,23.87,4,724.0,Good,2294141.65,2024-04-22,1,Education,227805.12,458,2294141.65
CUST00424,APP000424,57.0,Male,Central,Bachelors,Self-employed,121330.0,926069.83,24,9.66,4,853.0,Good,486839.93,2020-11-26,0,Education,1126069.83,97,486839.93
CUST00425,APP000425,50.0,Male,Central,Masters,Salaried,137080.0,454440.38,84,23.8,0,842.0,Average,4491750.76,2019-12-14,0,Education,454440.38,898,4491750.76
CUST00426,APP000426,26.0,Male,North,Diploma,Salaried,434670.0,562312.58,36,23.61,5,457.0,Good,4677769.87,2022-03-08,0,Business,812312.58,935,4677769.87
CUST00427,APP000427,60.0,Female,East,PhD,Unemployed,108650.0,269784.6,48,20.49,1,411.0,Good,4899219.64,2024-10-12,1,Education,319784.6,979,4899219.64
CUST00428,APP000428,65.0,Female,West,High School,Salaried,175810.0,,48,18.21,0,701.0,Good,4344078.63,2022-10-04,0,Education,0.0,868,4344078.63
CUST00429,APP000429,56.0,Male,North,Diploma,Unemployed,172260.0,95103.09,84,16.82,5,421.0,Good,878064.83,2020-01-18,1,Education,345103.08999999997,175,878064.83
CUST00430,APP000430,46.0,Female,East,PhD,Self-employed,139330.0,875183.09,12,21.72,0,572.0,Good,240520.45,2021-08-20,1,Education,875183.09,48,240520.45
CUST00431,APP000431,59.0,Male,East,Diploma,Self-employed,210490.0,831554.49,12,11.92,4,593.0,Good,2902187.67,2022-06-25,0,Home,1031554.49,580,2902187.67
CUST00432,APP000432,43.0,Female,North,Masters,Salaried,218570.0,231738.91,24,14.95,3,,Good,4563899.08,2021-07-09,0,Home,381738.91000000003,912,4563899.08
CUST00433,APP000433,52.0,Female,Central,Masters,Student,102450.0,813137.91,12,17.53,0,770.0,Average,894983.29,2021-03-26,0,Education,813137.91,178,894983.29
CUST00434,APP000434,67.0,Female,East,Masters,Salaried,171220.0,790630.58,24,13.99,1,506.0,Good,45144.14,2020-08-26,1,Education,840630.58,9,45144.14
CUST00435,APP000435,42.0,Male,Central,High School,Self-employed,94730.0,639572.27,60,14.27,2,409.0,Good,4029425.27,2019-04-11,0,Personal,739572.27,805,4029425.27
CUST00436,APP000436,41.0,Female,North,Masters,Salaried,241420.0,386049.77,24,12.61,5,739.0,Poor,393210.46,2019-07-09,1,Home,636049.77,78,393210.46
CUST00437,APP000437,30.0,Female,Central,PhD,Salaried,177770.0,286068.78,12,16.59,0,577.0,Average,2074393.1,2021-09-29,0,Education,286068.78,414,2074393.1
CUST00438,APP000438,24.0,Male,South,Diploma,Salaried,169590.0,247147.92,84,21.46,0,867.0,Average,3397647.81,2024-04-30,1,Education,247147.92,679,3397647.81
CUST00439,APP000439,53.0,Male,West,Bachelors,Student,226280.0,332236.78,60,10.43,1,868.0,Good,1191619.95,2019-10-26,0,Home,382236.78,238,1191619.95
CUST00440,APP000440,62.0,Female,East,PhD,Student,141810.0,905487.27,12,22.89,3,781.0,Good,428973.19,2024-02-09,0,Education,1055487.27,85,428973.19
CUST00441,APP000441,37.0,Female,West,PhD,Salaried,257050.0,96087.96,24,18.71,0,413.0,Good,3852405.93,2023-08-25,0,Home,96087.96,770,3852405.93
CUST00442,APP000442,18.0,Female,Central,Masters,Salaried,101290.0,832293.85,36,21.0,0,,Good,3154573.67,2021-03-07,0,Education,832293.85,630,3154573.67
CUST00443,APP000443,25.0,Female,East,High School,Self-employed,329700.0,361912.27,48,16.46,3,620.0,,4942567.52,2023-04-22,0,Business,511912.27,988,4942567.52
CUST00444,APP000444,63.0,Female,Central,Diploma,Salaried,123570.0,531167.41,12,20.25,1,478.0,Poor,1728097.09,2024-07-17,0,Education,581167.41,345,1728097.09
CUST00445,APP000445,33.0,Male,South,High School,Salaried,69700.0,798595.92,24,7.28,5,518.0,Good,318194.31,2023-06-25,0,Personal,1048595.92,63,318194.31
CUST00446,APP000446,31.0,Male,North,Diploma,Self-employed,138100.0,,60,20.91,5,827.0,,3674406.68,2021-09-26,0,Education,250000.0,734,3674406.68
CUST00447,APP000447,29.0,Male,East,Diploma,Salaried,130490.0,357885.79,12,7.68,0,791.0,Good,2613449.76,2020-08-27,0,Education,357885.79,522,2613449.76
CUST00448,APP000448,68.0,Female,South,High School,Student,137580.0,472606.61,12,22.13,3,360.0,Good,1073887.62,2019-01-23,0,Education,622606.61,214,1073887.62
CUST00449,APP000449,40.0,Male,South,PhD,Salaried,182740.0,426225.74,48,23.86,0,353.0,Average,3910827.66,2020-03-12,0,Education,426225.74,782,3910827.66
CUST00450,APP000450,32.0,Female,East,Diploma,Salaried,281790.0,32986.01,24,12.0,2,837.0,Good,1026739.87,2023-10-08,0,Home,132986.01,205,1026739.87
CUST00451,APP000451,45.0,Female,Central,High School,Salaried,147880.0,310024.03,36,10.58,5,364.0,Average,1310701.66,2021-06-15,1,Education,560024.03,262,1310701.66
CUST00452,APP000452,51.0,Female,South,Diploma,Self-employed,115170.0,470005.45,60,20.01,4,885.0,Poor,471717.49,2020-12-21,1,Education,670005.45,94,471717.49
CUST00453,APP000453,19.0,Male,West,Bachelors,Salaried,92660.0,422871.74,24,11.3,2,470.0,Good,2003167.07,2024-10-22,0,Personal,522871.74,400,2003167.07
CUST00454,APP000454,49.0,Female,South,PhD,Self-employed,128790.0,727490.64,60,21.71,0,572.0,Good,2100456.83,2024-03-17,0,Education,727490.64,420,2100456.83
CUST00455,APP000455,40.0,Male,Central,Masters,Salaried,63330.0,397107.54,12,8.75,1,834.0,Poor,2577663.33,2019-07-25,1,Personal,447107.54,515,2577663.33
CUST00456,APP000456,39.0,Female,Central,Diploma,Unemployed,113260.0,499588.92,48,9.14,5,690.0,Average,3547731.69,2021-10-17,1,Education,749588.9199999999,709,3547731.69
CUST00457,APP000457,68.0,Male,West,Bachelors,Salaried,303160.0,441016.42,48,23.65,4,626.0,Good,4531443.63,2020-05-12,0,Business,641016.4199999999,906,4531443.63
CUST00458,APP000458,42.0,Male,South,Masters,Salaried,107830.0,745813.63,84,18.46,2,407.0,Poor,697293.15,2024-02-13,1,Education,845813.63,139,697293.15
CUST00459,APP000459,39.0,Female,Central,Masters,Self-employed,222870.0,865712.95,36,21.4,5,461.0,Good,281197.01,2020-06-30,1,Home,1115712.95,56,281197.01
CUST00460,APP000460,39.0,,East,Diploma,Salaried,88150.0,541251.3,48,12.51,3,751.0,Poor,102470.86,2024-03-18,0,Personal,691251.3,20,102470.86
CUST00461,APP000461,66.0,Male,North,High School,Salaried,394570.0,793643.55,12,18.5,1,505.0,Good,726670.68,2024-12-15,0,Business,843643.55,145,726670.68
CUST00462,APP000462,69.0,Female,North,Diploma,Unemployed,407910.0,310850.95,36,17.1,2,889.0,Good,3293167.93,2022-07-23,0,Business,410850.95,658,3293167.93
CUST00463,APP000463,59.0,Female,North,Bachelors,Salaried,218710.0,550542.22,24,17.25,3,315.0,Average,3640110.62,2023-12-18,0,Home,700542.22,728,3640110.62
CUST00464,APP000464,23.0,Female,South,Masters,Self-employed,440480.0,358325.35,48,18.6,0,626.0,Good,3934663.51,2024-08-29,0,Business,358325.35,786,3934663.51
CUST00465,APP000465,32.0,Female,West,Diploma,Salaried,194440.0,425916.91,36,16.78,3,301.0,Good,1226103.98,2023-10-14,1,Education,575916.9099999999,245,1226103.98
CUST00466,APP000466,60.0,Female,Central,High School,Self-employed,239010.0,737765.59,12,14.29,2,309.0,Good,1536415.12,2024-01-01,0,Home,837765.59,307,1536415.12
CUST00467,APP000467,54.0,Male,East,Diploma,Salaried,305890.0,884029.23,84,11.69,2,733.0,Poor,2420841.88,2020-10-13,0,Business,984029.23,484,2420841.88
CUST00468,APP000468,50.0,Male,East,PhD,Salaried,178060.0,139065.48,60,20.07,0,424.0,Average,325283.65,2024-04-28,0,Education,139065.48,65,325283.65
CUST00469,APP000469,25.0,Male,South,High School,Student,74890.0,641946.47,60,10.85,3,380.0,Average,3059596.2,2024-01-18,0,Personal,791946.47,611,3059596.2
CUST00470,APP000470,70.0,Female,North,Bachelors,Self-employed,241470.0,590500.93,12,18.77,3,784.0,Good,4918837.82,2021-11-27,0,Home,740500.93,983,4918837.82
CUST00471,APP000471,61.0,Female,South,Masters,Salaried,128550.0,136046.74,12,10.97,0,449.0,Average,1810423.49,2021-10-09,1,Education,136046.74,362,1810423.49
CUST00472,APP000472,61.0,Male,West,Diploma,Salaried,133420.0,227656.44,60,17.63,3,639.0,Good,3766708.9,2022-02-09,0,Education,377656.44,753,3766708.9
CUST00473,APP000473,22.0,Male,West,High School,Unemployed,188900.0,324782.44,84,19.7,5,428.0,Good,2505169.24,2024-11-05,1,Education,574782.44,501,2505169.24
CUST00474,APP000474,56.0,Female,Central,PhD,Salaried,216020.0,183592.45,36,10.72,0,737.0,Average,647781.1,2024-06-07,0,Home,183592.45,129,647781.1
CUST00475,APP000475,21.0,Male,Central,High School,Self-employed,175440.0,258854.89,60,8.02,1,800.0,Good,2915364.87,2021-09-06,0,Education,308854.89,583,2915364.87
CUST00476,APP000476,23.0,Female,West,PhD,Self-employed,223660.0,282248.78,12,9.23,2,357.0,Good,1506372.6,2022-01-29,0,Home,382248.78,301,1506372.6
CUST00477,APP000477,62.0,Female,West,Bachelors,Salaried,114300.0,348960.36,48,17.3,1,497.0,Good,181672.01,2023-12-07,0,Education,398960.36,36,181672.01
CUST00478,APP000478,49.0,Female,West,Masters,Salaried,159320.0,754402.64,24,21.44,5,510.0,Good,3178299.35,2019-11-14,0,Education,1004402.64,635,3178299.35
CUST00479,APP000479,69.0,Male,South,Bachelors,Self-employed,248830.0,580473.96,84,7.76,5,,Average,4296072.42,2022-03-16,0,Home,830473.96,859,4296072.42
CUST00480,APP000480,47.0,Female,West,Diploma,Salaried,394900.0,986521.74,84,19.48,4,396.0,Good,1730401.14,2021-08-18,1,Business,1186521.74,346,1730401.14
CUST00481,APP000481,64.0,Female,East,High School,Salaried,471280.0,426441.11,48,12.8,4,578.0,Average,1957574.78,2022-01-17,0,Business,626441.11,391,1957574.78
CUST00482,APP000482,52.0,Female,North,PhD,Student,202090.0,758787.77,48,15.13,4,834.0,Good,4456198.2,2022-10-07,1,Home,958787.77,891,4456198.2
CUST00483,APP000483,57.0,Female,West,PhD,Self-employed,247710.0,874039.05,12,22.79,0,709.0,Good,4069907.98,2022-08-02,0,Home,874039.05,813,4069907.98
CUST00484,APP000484,69.0,Female,North,High School,Self-employed,438360.0,685398.92,60,12.64,3,760.0,Good,3577614.59,2019-11-27,0,Business,835398.92,715,3577614.59
CUST00485,APP000485,33.0,Female,South,High School,Self-employed,116380.0,423627.45,36,14.91,5,690.0,Average,1251497.35,2020-07-20,0,Education,673627.45,250,1251497.35
CUST00486,APP000486,30.0,Male,North,Diploma,Self-employed,222980.0,758522.74,84,7.23,1,343.0,Average,4551981.11,2020-09-09,0,Home,808522.74,910,4551981.11
CUST00487,APP000487,67.0,Female,South,Bachelors,Salaried,238990.0,219593.8,84,8.39,1,326.0,Poor,780534.63,2021-08-05,0,Home,269593.8,156,780534.63
CUST00488,APP000488,59.0,Female,East,PhD,Salaried,335690.0,341001.12,48,11.4,1,396.0,Average,3137584.89,2023-04-18,0,Business,391001.12,627,3137584.89
CUST00489,APP000489,47.0,Male,South,Diploma,Salaried,92170.0,,60,7.47,1,,Good,153717.89,2020-09-17,0,Personal,50000.0,30,153717.89
CUST00490,APP000490,36.0,Female,South,Bachelors,Salaried,101750.0,,84,17.73,4,866.0,Average,3222161.83,2021-05-26,1,Education,200000.0,644,3222161.83
CUST00491,APP000491,34.0,Female,Central,Diploma,Self-employed,164500.0,41698.65,36,14.25,1,518.0,Poor,1392950.32,2019-09-21,1,Education,91698.65,278,1392950.32
CUST00492,APP000492,36.0,Female,West,PhD,Salaried,196590.0,946211.9,48,16.32,3,484.0,Average,2253888.12,2023-08-27,1,Education,1096211.9,450,2253888.12
CUST00493,APP000493,45.0,Male,West,High School,Salaried,285340.0,702694.73,36,9.97,4,368.0,Good,1732870.11,2023-07-28,0,Home,902694.73,346,1732870.11
CUST00494,APP000494,43.0,Male,East,High School,Salaried,210820.0,505789.68,60,12.03,1,429.0,Good,872056.21,2022-09-17,0,Home,555789.6799999999,174,872056.21
CUST00495,APP000495,54.0,Other,East,Bachelors,Salaried,150890.0,934464.69,84,18.29,0,866.0,Average,3113684.14,2024-03-23,0,Education,934464.69,622,3113684.14
CUST00496,APP000496,43.0,Female,West,Masters,Salaried,200430.0,450313.65,24,23.41,2,898.0,Average,4411058.02,2023-08-31,1,Home,550313.65,882,4411058.02
CUST00497,APP000497,70.0,Male,Central,Bachelors,Salaried,189190.0,980826.86,84,7.86,2,633.0,Good,4795830.37,2019-09-13,1,Education,1080826.8599999999,959,4795830.37
CUST00498,APP000498,40.0,,West,Masters,Salaried,389460.0,522039.06,60,22.14,2,453.0,Average,969808.35,2021-04-27,0,Business,622039.06,193,969808.35
CUST00499,APP000499,26.0,Female,Central,Diploma,Salaried,176810.0,132000.05,84,16.81,4,846.0,Poor,3589690.14,2023-09-17,0,Education,332000.05,717,3589690.14
CUST00500,APP000500,29.0,Female,East,Diploma,Salaried,134380.0,769504.95,84,16.59,1,378.0,Good,3325053.44,2023-05-15,1,Education,819504.95,665,3325053.44
